ISO-10303-21;
HEADER;
/* Generated by software containing ST-Developer
 * from STEP Tools, Inc. (www.steptools.com) 
 */

FILE_DESCRIPTION(
/* description */ (''),
/* implementation_level */ '2;1');

FILE_NAME(
/* name */ 'Custom Mount with accelerometer.step',
/* time_stamp */ '2026-08-03T20:23:34-04:00',
/* author */ (''),
/* organization */ (''),
/* preprocessor_version */ 'ST-DEVELOPER v20.1',
/* originating_system */ 'Autodesk Translation Framework v15.8.0.0',
/* authorisation */ '');

FILE_SCHEMA (('AUTOMOTIVE_DESIGN { 1 0 10303 214 3 1 1 }'));
ENDSEC;

DATA;
#10=MECHANICAL_DESIGN_GEOMETRIC_PRESENTATION_REPRESENTATION('',(#13),#3882);
#11=SHAPE_REPRESENTATION_RELATIONSHIP('SRR','None',#3889,#12);
#12=ADVANCED_BREP_SHAPE_REPRESENTATION('',(#14),#3881);
#13=STYLED_ITEM('',(#3898),#14);
#14=MANIFOLD_SOLID_BREP('Body1',#1561);
#15=B_SPLINE_SURFACE_WITH_KNOTS('',3,3,((#3159,#3160,#3161,#3162,#3163,
#3164,#3165,#3166,#3167,#3168,#3169,#3170,#3171,#3172,#3173,#3174,#3175,
#3176,#3177,#3178,#3179,#3180,#3181),(#3182,#3183,#3184,#3185,#3186,#3187,
#3188,#3189,#3190,#3191,#3192,#3193,#3194,#3195,#3196,#3197,#3198,#3199,
#3200,#3201,#3202,#3203,#3204),(#3205,#3206,#3207,#3208,#3209,#3210,#3211,
#3212,#3213,#3214,#3215,#3216,#3217,#3218,#3219,#3220,#3221,#3222,#3223,
#3224,#3225,#3226,#3227),(#3228,#3229,#3230,#3231,#3232,#3233,#3234,#3235,
#3236,#3237,#3238,#3239,#3240,#3241,#3242,#3243,#3244,#3245,#3246,#3247,
#3248,#3249,#3250)),.UNSPECIFIED.,.F.,.F.,.F.,(4,4),(4,1,1,1,1,1,1,1,1,
1,1,1,1,1,1,1,1,1,1,1,4),(0.00578549052878884,0.0770518970882824),(162.184558934755,
162.701506927676,163.218454920597,164.252350906438,164.941614896999,165.63087888756,
165.975510882841,166.320142878122,167.009406868683,167.698670859244,168.387934849805,
169.077198840366,169.766462830927,170.455726821488,171.144990812049,171.83425480261,
172.523518793172,173.557414779013,174.591310764855,175.625206750697,176.659102736538),
 .UNSPECIFIED.);
#16=B_SPLINE_SURFACE_WITH_KNOTS('',3,3,((#3282,#3283,#3284,#3285,#3286,
#3287,#3288,#3289,#3290,#3291,#3292,#3293,#3294,#3295,#3296,#3297,#3298,
#3299,#3300,#3301),(#3302,#3303,#3304,#3305,#3306,#3307,#3308,#3309,#3310,
#3311,#3312,#3313,#3314,#3315,#3316,#3317,#3318,#3319,#3320,#3321),(#3322,
#3323,#3324,#3325,#3326,#3327,#3328,#3329,#3330,#3331,#3332,#3333,#3334,
#3335,#3336,#3337,#3338,#3339,#3340,#3341),(#3342,#3343,#3344,#3345,#3346,
#3347,#3348,#3349,#3350,#3351,#3352,#3353,#3354,#3355,#3356,#3357,#3358,
#3359,#3360,#3361)),.UNSPECIFIED.,.F.,.F.,.F.,(4,4),(4,1,1,1,1,1,1,1,1,
1,1,1,1,1,1,1,1,4),(-0.00578147045844945,0.0654849361857211),(168.300154395413,
169.129111427633,169.958068459853,170.510706481333,171.063344502813,171.615982524293,
172.168620545773,172.721258567253,173.273896588733,173.826534610213,174.379172631693,
174.931810653173,175.484448674653,176.589724717613,177.418681749833,178.247638782053,
179.076595814273,179.905552846493),.UNSPECIFIED.);
#17=B_SPLINE_SURFACE_WITH_KNOTS('',3,3,((#3390,#3391,#3392,#3393,#3394,
#3395,#3396,#3397,#3398,#3399,#3400,#3401,#3402,#3403,#3404,#3405,#3406,
#3407,#3408,#3409),(#3410,#3411,#3412,#3413,#3414,#3415,#3416,#3417,#3418,
#3419,#3420,#3421,#3422,#3423,#3424,#3425,#3426,#3427,#3428,#3429),(#3430,
#3431,#3432,#3433,#3434,#3435,#3436,#3437,#3438,#3439,#3440,#3441,#3442,
#3443,#3444,#3445,#3446,#3447,#3448,#3449),(#3450,#3451,#3452,#3453,#3454,
#3455,#3456,#3457,#3458,#3459,#3460,#3461,#3462,#3463,#3464,#3465,#3466,
#3467,#3468,#3469)),.UNSPECIFIED.,.F.,.F.,.F.,(4,4),(4,1,1,1,1,1,1,1,1,
1,1,1,1,1,1,1,1,4),(-0.00578147045844945,0.0654849361857211),(148.458631485007,
149.384320248936,150.310009012865,150.927134855485,151.544260698104,152.161386540724,
153.087075304653,154.012764068583,154.938452832512,155.864141596441,156.481267439061,
157.09839328168,157.7155191243,158.332644966919,158.949770809539,159.566896652158,
160.492585416087,161.418274180017),.UNSPECIFIED.);
#18=B_SPLINE_SURFACE_WITH_KNOTS('',3,3,((#3513,#3514,#3515,#3516,#3517,
#3518,#3519,#3520,#3521,#3522),(#3523,#3524,#3525,#3526,#3527,#3528,#3529,
#3530,#3531,#3532),(#3533,#3534,#3535,#3536,#3537,#3538,#3539,#3540,#3541,
#3542),(#3543,#3544,#3545,#3546,#3547,#3548,#3549,#3550,#3551,#3552)),
 .UNSPECIFIED.,.F.,.F.,.F.,(4,4),(4,1,1,1,1,1,1,4),(-0.00578147045844945,
0.0654849361857211),(162.175090134447,162.979966946598,163.784843758748,
164.589720570899,165.394597383049,166.1994741952,167.00435100735,167.8092278195),
 .UNSPECIFIED.);
#19=B_SPLINE_SURFACE_WITH_KNOTS('',3,3,((#3765,#3766,#3767,#3768,#3769,
#3770,#3771,#3772,#3773,#3774,#3775,#3776,#3777,#3778,#3779,#3780,#3781,
#3782,#3783,#3784,#3785,#3786,#3787,#3788,#3789,#3790,#3791),(#3792,#3793,
#3794,#3795,#3796,#3797,#3798,#3799,#3800,#3801,#3802,#3803,#3804,#3805,
#3806,#3807,#3808,#3809,#3810,#3811,#3812,#3813,#3814,#3815,#3816,#3817,
#3818),(#3819,#3820,#3821,#3822,#3823,#3824,#3825,#3826,#3827,#3828,#3829,
#3830,#3831,#3832,#3833,#3834,#3835,#3836,#3837,#3838,#3839,#3840,#3841,
#3842,#3843,#3844,#3845),(#3846,#3847,#3848,#3849,#3850,#3851,#3852,#3853,
#3854,#3855,#3856,#3857,#3858,#3859,#3860,#3861,#3862,#3863,#3864,#3865,
#3866,#3867,#3868,#3869,#3870,#3871,#3872)),.UNSPECIFIED.,.F.,.F.,.F.,(4,
4),(4,1,1,1,1,1,1,1,1,1,1,1,1,1,1,1,1,1,1,1,1,1,1,1,4),(0.00578549052878884,
0.0770518970882824),(145.212181375008,145.790424536378,146.368667697747,
146.946910859117,147.525154020486,148.103397181856,148.681640343225,149.259883504595,
149.838126665964,150.60911754779,151.380108429616,152.151099311442,152.922090193268,
153.693081075094,154.46407195692,155.235062838746,156.006053720572,156.777044602398,
157.548035484224,158.319026366051,159.090017247877,159.668260409246,160.246503570616,
160.824746731985,161.402989893355),.UNSPECIFIED.);
#20=CONICAL_SURFACE('',#1595,1.5,0.78539816339745);
#21=CONICAL_SURFACE('',#1611,3.6,0.785398163397448);
#22=CONICAL_SURFACE('',#1652,6.25,0.785398163397448);
#23=CONICAL_SURFACE('',#1655,5.75,0.785398163397451);
#24=FACE_BOUND('',#198,.T.);
#25=FACE_BOUND('',#199,.T.);
#26=FACE_BOUND('',#204,.T.);
#27=FACE_BOUND('',#214,.T.);
#28=FACE_BOUND('',#217,.T.);
#29=FACE_BOUND('',#220,.T.);
#30=FACE_BOUND('',#221,.T.);
#31=FACE_BOUND('',#223,.T.);
#32=FACE_BOUND('',#252,.T.);
#33=FACE_BOUND('',#254,.T.);
#34=FACE_BOUND('',#263,.T.);
#35=FACE_BOUND('',#281,.T.);
#36=FACE_BOUND('',#286,.T.);
#37=PLANE('',#1588);
#38=PLANE('',#1589);
#39=PLANE('',#1590);
#40=PLANE('',#1593);
#41=PLANE('',#1594);
#42=PLANE('',#1598);
#43=PLANE('',#1601);
#44=PLANE('',#1602);
#45=PLANE('',#1603);
#46=PLANE('',#1604);
#47=PLANE('',#1605);
#48=PLANE('',#1606);
#49=PLANE('',#1607);
#50=PLANE('',#1608);
#51=PLANE('',#1609);
#52=PLANE('',#1610);
#53=PLANE('',#1616);
#54=PLANE('',#1617);
#55=PLANE('',#1618);
#56=PLANE('',#1619);
#57=PLANE('',#1620);
#58=PLANE('',#1621);
#59=PLANE('',#1622);
#60=PLANE('',#1623);
#61=PLANE('',#1624);
#62=PLANE('',#1625);
#63=PLANE('',#1626);
#64=PLANE('',#1627);
#65=PLANE('',#1628);
#66=PLANE('',#1629);
#67=PLANE('',#1630);
#68=PLANE('',#1631);
#69=PLANE('',#1632);
#70=PLANE('',#1633);
#71=PLANE('',#1634);
#72=PLANE('',#1635);
#73=PLANE('',#1636);
#74=PLANE('',#1637);
#75=PLANE('',#1638);
#76=PLANE('',#1639);
#77=PLANE('',#1640);
#78=PLANE('',#1641);
#79=PLANE('',#1642);
#80=PLANE('',#1643);
#81=PLANE('',#1644);
#82=PLANE('',#1646);
#83=PLANE('',#1648);
#84=PLANE('',#1649);
#85=PLANE('',#1650);
#86=PLANE('',#1651);
#87=PLANE('',#1654);
#88=PLANE('',#1658);
#89=PLANE('',#1667);
#90=PLANE('',#1669);
#91=PLANE('',#1675);
#92=PLANE('',#1677);
#93=PLANE('',#1678);
#94=PLANE('',#1679);
#95=PLANE('',#1680);
#96=FACE_OUTER_BOUND('',#186,.T.);
#97=FACE_OUTER_BOUND('',#187,.T.);
#98=FACE_OUTER_BOUND('',#188,.T.);
#99=FACE_OUTER_BOUND('',#189,.T.);
#100=FACE_OUTER_BOUND('',#190,.T.);
#101=FACE_OUTER_BOUND('',#191,.T.);
#102=FACE_OUTER_BOUND('',#192,.T.);
#103=FACE_OUTER_BOUND('',#193,.T.);
#104=FACE_OUTER_BOUND('',#194,.T.);
#105=FACE_OUTER_BOUND('',#195,.T.);
#106=FACE_OUTER_BOUND('',#196,.T.);
#107=FACE_OUTER_BOUND('',#197,.T.);
#108=FACE_OUTER_BOUND('',#200,.T.);
#109=FACE_OUTER_BOUND('',#201,.T.);
#110=FACE_OUTER_BOUND('',#202,.T.);
#111=FACE_OUTER_BOUND('',#203,.T.);
#112=FACE_OUTER_BOUND('',#205,.T.);
#113=FACE_OUTER_BOUND('',#206,.T.);
#114=FACE_OUTER_BOUND('',#207,.T.);
#115=FACE_OUTER_BOUND('',#208,.T.);
#116=FACE_OUTER_BOUND('',#209,.T.);
#117=FACE_OUTER_BOUND('',#210,.T.);
#118=FACE_OUTER_BOUND('',#211,.T.);
#119=FACE_OUTER_BOUND('',#212,.T.);
#120=FACE_OUTER_BOUND('',#213,.T.);
#121=FACE_OUTER_BOUND('',#215,.T.);
#122=FACE_OUTER_BOUND('',#216,.T.);
#123=FACE_OUTER_BOUND('',#218,.T.);
#124=FACE_OUTER_BOUND('',#219,.T.);
#125=FACE_OUTER_BOUND('',#222,.T.);
#126=FACE_OUTER_BOUND('',#224,.T.);
#127=FACE_OUTER_BOUND('',#225,.T.);
#128=FACE_OUTER_BOUND('',#226,.T.);
#129=FACE_OUTER_BOUND('',#227,.T.);
#130=FACE_OUTER_BOUND('',#228,.T.);
#131=FACE_OUTER_BOUND('',#229,.T.);
#132=FACE_OUTER_BOUND('',#230,.T.);
#133=FACE_OUTER_BOUND('',#231,.T.);
#134=FACE_OUTER_BOUND('',#232,.T.);
#135=FACE_OUTER_BOUND('',#233,.T.);
#136=FACE_OUTER_BOUND('',#234,.T.);
#137=FACE_OUTER_BOUND('',#235,.T.);
#138=FACE_OUTER_BOUND('',#236,.T.);
#139=FACE_OUTER_BOUND('',#237,.T.);
#140=FACE_OUTER_BOUND('',#238,.T.);
#141=FACE_OUTER_BOUND('',#239,.T.);
#142=FACE_OUTER_BOUND('',#240,.T.);
#143=FACE_OUTER_BOUND('',#241,.T.);
#144=FACE_OUTER_BOUND('',#242,.T.);
#145=FACE_OUTER_BOUND('',#243,.T.);
#146=FACE_OUTER_BOUND('',#244,.T.);
#147=FACE_OUTER_BOUND('',#245,.T.);
#148=FACE_OUTER_BOUND('',#246,.T.);
#149=FACE_OUTER_BOUND('',#247,.T.);
#150=FACE_OUTER_BOUND('',#248,.T.);
#151=FACE_OUTER_BOUND('',#249,.T.);
#152=FACE_OUTER_BOUND('',#250,.T.);
#153=FACE_OUTER_BOUND('',#251,.T.);
#154=FACE_OUTER_BOUND('',#253,.T.);
#155=FACE_OUTER_BOUND('',#255,.T.);
#156=FACE_OUTER_BOUND('',#256,.T.);
#157=FACE_OUTER_BOUND('',#257,.T.);
#158=FACE_OUTER_BOUND('',#258,.T.);
#159=FACE_OUTER_BOUND('',#259,.T.);
#160=FACE_OUTER_BOUND('',#260,.T.);
#161=FACE_OUTER_BOUND('',#261,.T.);
#162=FACE_OUTER_BOUND('',#262,.T.);
#163=FACE_OUTER_BOUND('',#264,.T.);
#164=FACE_OUTER_BOUND('',#265,.T.);
#165=FACE_OUTER_BOUND('',#266,.T.);
#166=FACE_OUTER_BOUND('',#267,.T.);
#167=FACE_OUTER_BOUND('',#268,.T.);
#168=FACE_OUTER_BOUND('',#269,.T.);
#169=FACE_OUTER_BOUND('',#270,.T.);
#170=FACE_OUTER_BOUND('',#271,.T.);
#171=FACE_OUTER_BOUND('',#272,.T.);
#172=FACE_OUTER_BOUND('',#273,.T.);
#173=FACE_OUTER_BOUND('',#274,.T.);
#174=FACE_OUTER_BOUND('',#275,.T.);
#175=FACE_OUTER_BOUND('',#276,.T.);
#176=FACE_OUTER_BOUND('',#277,.T.);
#177=FACE_OUTER_BOUND('',#278,.T.);
#178=FACE_OUTER_BOUND('',#279,.T.);
#179=FACE_OUTER_BOUND('',#280,.T.);
#180=FACE_OUTER_BOUND('',#282,.T.);
#181=FACE_OUTER_BOUND('',#283,.T.);
#182=FACE_OUTER_BOUND('',#284,.T.);
#183=FACE_OUTER_BOUND('',#285,.T.);
#184=FACE_OUTER_BOUND('',#287,.T.);
#185=FACE_OUTER_BOUND('',#288,.T.);
#186=EDGE_LOOP('',(#1007,#1008,#1009,#1010));
#187=EDGE_LOOP('',(#1011,#1012,#1013,#1014));
#188=EDGE_LOOP('',(#1015,#1016,#1017,#1018));
#189=EDGE_LOOP('',(#1019,#1020,#1021,#1022));
#190=EDGE_LOOP('',(#1023,#1024,#1025,#1026));
#191=EDGE_LOOP('',(#1027,#1028,#1029,#1030,#1031));
#192=EDGE_LOOP('',(#1032,#1033,#1034,#1035));
#193=EDGE_LOOP('',(#1036,#1037,#1038,#1039));
#194=EDGE_LOOP('',(#1040,#1041,#1042));
#195=EDGE_LOOP('',(#1043,#1044,#1045,#1046));
#196=EDGE_LOOP('',(#1047,#1048,#1049,#1050));
#197=EDGE_LOOP('',(#1051,#1052,#1053,#1054,#1055,#1056));
#198=EDGE_LOOP('',(#1057));
#199=EDGE_LOOP('',(#1058));
#200=EDGE_LOOP('',(#1059,#1060,#1061,#1062));
#201=EDGE_LOOP('',(#1063,#1064,#1065,#1066));
#202=EDGE_LOOP('',(#1067,#1068,#1069,#1070));
#203=EDGE_LOOP('',(#1071,#1072,#1073,#1074));
#204=EDGE_LOOP('',(#1075));
#205=EDGE_LOOP('',(#1076,#1077,#1078,#1079));
#206=EDGE_LOOP('',(#1080,#1081,#1082,#1083));
#207=EDGE_LOOP('',(#1084,#1085,#1086,#1087));
#208=EDGE_LOOP('',(#1088,#1089,#1090,#1091));
#209=EDGE_LOOP('',(#1092,#1093,#1094,#1095));
#210=EDGE_LOOP('',(#1096,#1097,#1098,#1099));
#211=EDGE_LOOP('',(#1100,#1101,#1102,#1103));
#212=EDGE_LOOP('',(#1104,#1105,#1106,#1107));
#213=EDGE_LOOP('',(#1108,#1109,#1110,#1111));
#214=EDGE_LOOP('',(#1112));
#215=EDGE_LOOP('',(#1113,#1114,#1115,#1116));
#216=EDGE_LOOP('',(#1117,#1118,#1119,#1120,#1121,#1122));
#217=EDGE_LOOP('',(#1123,#1124,#1125,#1126,#1127,#1128));
#218=EDGE_LOOP('',(#1129,#1130,#1131,#1132));
#219=EDGE_LOOP('',(#1133,#1134,#1135,#1136,#1137,#1138,#1139,#1140,#1141));
#220=EDGE_LOOP('',(#1142,#1143));
#221=EDGE_LOOP('',(#1144,#1145));
#222=EDGE_LOOP('',(#1146,#1147,#1148,#1149,#1150,#1151));
#223=EDGE_LOOP('',(#1152));
#224=EDGE_LOOP('',(#1153,#1154,#1155));
#225=EDGE_LOOP('',(#1156,#1157,#1158,#1159));
#226=EDGE_LOOP('',(#1160,#1161,#1162));
#227=EDGE_LOOP('',(#1163,#1164,#1165,#1166));
#228=EDGE_LOOP('',(#1167,#1168,#1169));
#229=EDGE_LOOP('',(#1170,#1171,#1172));
#230=EDGE_LOOP('',(#1173,#1174,#1175,#1176));
#231=EDGE_LOOP('',(#1177,#1178,#1179));
#232=EDGE_LOOP('',(#1180,#1181,#1182,#1183));
#233=EDGE_LOOP('',(#1184,#1185,#1186));
#234=EDGE_LOOP('',(#1187,#1188,#1189,#1190));
#235=EDGE_LOOP('',(#1191,#1192,#1193,#1194));
#236=EDGE_LOOP('',(#1195,#1196,#1197));
#237=EDGE_LOOP('',(#1198,#1199,#1200,#1201));
#238=EDGE_LOOP('',(#1202,#1203,#1204,#1205));
#239=EDGE_LOOP('',(#1206,#1207,#1208));
#240=EDGE_LOOP('',(#1209,#1210,#1211,#1212));
#241=EDGE_LOOP('',(#1213,#1214,#1215));
#242=EDGE_LOOP('',(#1216,#1217,#1218,#1219));
#243=EDGE_LOOP('',(#1220,#1221,#1222,#1223));
#244=EDGE_LOOP('',(#1224,#1225,#1226));
#245=EDGE_LOOP('',(#1227,#1228,#1229,#1230));
#246=EDGE_LOOP('',(#1231,#1232,#1233,#1234));
#247=EDGE_LOOP('',(#1235,#1236,#1237,#1238));
#248=EDGE_LOOP('',(#1239,#1240,#1241,#1242));
#249=EDGE_LOOP('',(#1243,#1244,#1245,#1246));
#250=EDGE_LOOP('',(#1247,#1248,#1249,#1250));
#251=EDGE_LOOP('',(#1251,#1252,#1253,#1254));
#252=EDGE_LOOP('',(#1255));
#253=EDGE_LOOP('',(#1256,#1257,#1258,#1259,#1260,#1261));
#254=EDGE_LOOP('',(#1262,#1263,#1264,#1265));
#255=EDGE_LOOP('',(#1266,#1267,#1268,#1269));
#256=EDGE_LOOP('',(#1270,#1271,#1272,#1273));
#257=EDGE_LOOP('',(#1274,#1275,#1276,#1277));
#258=EDGE_LOOP('',(#1278,#1279,#1280,#1281,#1282));
#259=EDGE_LOOP('',(#1283,#1284,#1285,#1286));
#260=EDGE_LOOP('',(#1287,#1288,#1289,#1290,#1291));
#261=EDGE_LOOP('',(#1292,#1293,#1294,#1295));
#262=EDGE_LOOP('',(#1296,#1297,#1298,#1299));
#263=EDGE_LOOP('',(#1300,#1301,#1302,#1303));
#264=EDGE_LOOP('',(#1304,#1305,#1306,#1307,#1308,#1309,#1310,#1311,#1312,
#1313,#1314,#1315,#1316,#1317,#1318,#1319,#1320,#1321));
#265=EDGE_LOOP('',(#1322,#1323,#1324,#1325,#1326));
#266=EDGE_LOOP('',(#1327,#1328,#1329,#1330,#1331));
#267=EDGE_LOOP('',(#1332,#1333,#1334,#1335,#1336,#1337));
#268=EDGE_LOOP('',(#1338,#1339,#1340,#1341,#1342,#1343,#1344,#1345));
#269=EDGE_LOOP('',(#1346,#1347,#1348,#1349,#1350,#1351,#1352));
#270=EDGE_LOOP('',(#1353,#1354,#1355,#1356,#1357,#1358,#1359,#1360));
#271=EDGE_LOOP('',(#1361,#1362,#1363,#1364,#1365));
#272=EDGE_LOOP('',(#1366,#1367,#1368,#1369));
#273=EDGE_LOOP('',(#1370,#1371,#1372,#1373));
#274=EDGE_LOOP('',(#1374,#1375,#1376,#1377,#1378,#1379,#1380,#1381));
#275=EDGE_LOOP('',(#1382,#1383,#1384,#1385,#1386,#1387));
#276=EDGE_LOOP('',(#1388,#1389,#1390,#1391,#1392,#1393));
#277=EDGE_LOOP('',(#1394,#1395,#1396,#1397));
#278=EDGE_LOOP('',(#1398,#1399,#1400,#1401,#1402,#1403));
#279=EDGE_LOOP('',(#1404,#1405,#1406,#1407,#1408,#1409,#1410));
#280=EDGE_LOOP('',(#1411));
#281=EDGE_LOOP('',(#1412,#1413,#1414,#1415,#1416));
#282=EDGE_LOOP('',(#1417,#1418,#1419,#1420));
#283=EDGE_LOOP('',(#1421,#1422,#1423,#1424,#1425,#1426,#1427,#1428,#1429,
#1430,#1431));
#284=EDGE_LOOP('',(#1432,#1433,#1434,#1435));
#285=EDGE_LOOP('',(#1436,#1437,#1438,#1439));
#286=EDGE_LOOP('',(#1440));
#287=EDGE_LOOP('',(#1441,#1442,#1443,#1444));
#288=EDGE_LOOP('',(#1445,#1446,#1447,#1448));
#289=CIRCLE('',#1576,2.65778);
#290=CIRCLE('',#1580,2.65778);
#291=CIRCLE('',#1582,3.275);
#292=CIRCLE('',#1587,3.275);
#293=CIRCLE('',#1591,1.25);
#294=CIRCLE('',#1592,1.25);
#295=CIRCLE('',#1596,1.75);
#296=CIRCLE('',#1597,1.25);
#297=CIRCLE('',#1600,1.25);
#298=CIRCLE('',#1612,3.85);
#299=CIRCLE('',#1613,3.35);
#300=CIRCLE('',#1615,3.35);
#301=CIRCLE('',#1645,1.25);
#302=CIRCLE('',#1647,6.5);
#303=CIRCLE('',#1653,6.);
#304=CIRCLE('',#1656,5.5);
#305=CIRCLE('',#1657,6.);
#306=CIRCLE('',#1662,3.275);
#307=CIRCLE('',#1668,1.25);
#308=CIRCLE('',#1670,1.25);
#309=CIRCLE('',#1672,1.25);
#310=B_SPLINE_CURVE_WITH_KNOTS('',3,(#2045,#2046,#2047,#2048,#2049,#2050,
#2051,#2052,#2053,#2054,#2055,#2056,#2057,#2058,#2059,#2060),
 .UNSPECIFIED.,.F.,.F.,(4,3,3,3,3,4),(-8.65293675990293,-8.49831755489946,
-8.34369834989598,-8.18907914489249,-8.03445993988902,-7.99910485887393),
 .UNSPECIFIED.);
#311=B_SPLINE_CURVE_WITH_KNOTS('',3,(#2063,#2064,#2065,#2066,#2067,#2068,
#2069,#2070,#2071,#2072,#2073,#2074,#2075,#2076,#2077,#2078,#2079,#2080,
#2081),.UNSPECIFIED.,.F.,.F.,(4,3,3,3,3,3,4),(0.71565431690244,0.739396305169028,
0.904401051615112,1.06940579806119,1.23441054450728,1.4819176641764,1.70877161356494),
 .UNSPECIFIED.);
#312=B_SPLINE_CURVE_WITH_KNOTS('',3,(#2087,#2088,#2089,#2090,#2091,#2092,
#2093),.UNSPECIFIED.,.F.,.F.,(4,3,4),(3.38884275197487,3.46207638943708,
3.70493375904846),.UNSPECIFIED.);
#313=B_SPLINE_CURVE_WITH_KNOTS('',3,(#2095,#2096,#2097,#2098,#2099,#2100),
 .UNSPECIFIED.,.F.,.F.,(4,2,4),(0.0768745053742585,0.0959455081189871,0.110290434926735),
 .UNSPECIFIED.);
#314=B_SPLINE_CURVE_WITH_KNOTS('',3,(#2101,#2102,#2103,#2104,#2105,#2106,
#2107),.UNSPECIFIED.,.F.,.F.,(4,3,4),(-6.3190327832578,-6.17903770115372,
-5.9784285752268),.UNSPECIFIED.);
#315=B_SPLINE_CURVE_WITH_KNOTS('',3,(#2113,#2114,#2115,#2116,#2117,#2118,
#2119,#2120,#2121,#2122,#2123,#2124,#2125,#2126,#2127,#2128,#2129,#2130,
#2131,#2132,#2133,#2134,#2135,#2136,#2137),.UNSPECIFIED.,.F.,.F.,(4,3,3,
3,3,3,3,3,4),(-4.09719891331827,-3.97641449560863,-3.83818885648639,-3.56173757824192,
-3.37743672607894,-3.19313587391594,-3.10098544783446,-3.00883502175297,
-2.95889028041526),.UNSPECIFIED.);
#316=B_SPLINE_CURVE_WITH_KNOTS('',3,(#2139,#2140,#2141,#2142,#2143,#2144),
 .UNSPECIFIED.,.F.,.F.,(4,2,4),(0.427420091417554,0.431358339782508,0.454200547618557),
 .UNSPECIFIED.);
#317=B_SPLINE_CURVE_WITH_KNOTS('',3,(#2145,#2146,#2147,#2148,#2149,#2150,
#2151,#2152,#2153,#2154,#2155,#2156,#2157,#2158,#2159,#2160,#2161,#2162,
#2163,#2164,#2165,#2166,#2167,#2168,#2169),.UNSPECIFIED.,.F.,.F.,(4,3,3,
3,3,3,3,3,4),(5.59671330592128,5.77141584899567,5.99307123521916,6.14084149270149,
6.28861175018382,6.43638200766615,6.58415226514847,6.7319225226308,6.74898673919805),
 .UNSPECIFIED.);
#318=B_SPLINE_CURVE_WITH_KNOTS('',3,(#2175,#2176,#2177,#2178,#2179,#2180,
#2181),.UNSPECIFIED.,.F.,.F.,(4,3,4),(8.42905420239732,8.43128272894714,
8.65293675990288),.UNSPECIFIED.);
#319=B_SPLINE_CURVE_WITH_KNOTS('',3,(#2184,#2185,#2186,#2187,#2188,#2189,
#2190,#2191,#2192,#2193),.UNSPECIFIED.,.F.,.F.,(4,3,3,4),(-1.27882524562305,
-1.0736793391012,-0.797255770571878,-0.71565431690244),.UNSPECIFIED.);
#320=B_SPLINE_CURVE_WITH_KNOTS('',3,(#2199,#2200,#2201,#2202,#2203,#2204,
#2205,#2206,#2207,#2208,#2209,#2210,#2211),.UNSPECIFIED.,.F.,.F.,(4,3,3,
3,4),(9.44271813365835,9.69556392549356,10.0358770152265,10.3761901049594,
10.7165031946779),.UNSPECIFIED.);
#321=B_SPLINE_CURVE_WITH_KNOTS('',3,(#2214,#2215,#2216,#2217,#2218,#2219,
#2220,#2221,#2222,#2223,#2224,#2225,#2226,#2227,#2228,#2229,#2230,#2231,
#2232,#2233,#2234,#2235,#2236,#2237,#2238),.UNSPECIFIED.,.F.,.F.,(4,3,3,
3,3,3,3,3,4),(0.945584958912138,1.18399201025497,1.45685131349895,1.82066371782426,
2.00256991998692,2.18447612214957,2.36638232431223,2.54828852647489,2.70890385124326),
 .UNSPECIFIED.);
#322=B_SPLINE_CURVE_WITH_KNOTS('',3,(#2244,#2245,#2246,#2247,#2248,#2249,
#2250,#2251,#2252,#2253,#2254,#2255,#2256,#2257,#2258,#2259,#2260,#2261,
#2262),.UNSPECIFIED.,.F.,.F.,(4,3,3,3,3,3,4),(4.77706762315727,4.87689611361982,
5.14183024207807,5.4067643705363,5.67169849899455,5.93663262745279,6.20156675591103),
 .UNSPECIFIED.);
#323=B_SPLINE_CURVE_WITH_KNOTS('',3,(#2264,#2265,#2266,#2267),
 .UNSPECIFIED.,.F.,.F.,(4,4),(0.358537899807421,0.380912365699772),
 .UNSPECIFIED.);
#324=B_SPLINE_CURVE_WITH_KNOTS('',3,(#2269,#2270,#2271,#2272),
 .UNSPECIFIED.,.F.,.F.,(4,4),(0.380912365699772,0.3882841245),
 .UNSPECIFIED.);
#325=B_SPLINE_CURVE_WITH_KNOTS('',3,(#2273,#2274,#2275,#2276,#2277,#2278,
#2279,#2280,#2281,#2282,#2283,#2284,#2285,#2286,#2287,#2288,#2289,#2290,
#2291,#2292,#2293,#2294,#2295,#2296,#2297),.UNSPECIFIED.,.F.,.F.,(4,3,3,
3,3,3,3,3,4),(5.9520421851037,6.12220242661695,6.29236266813018,6.63268315115666,
6.85956347317432,7.08644379519197,7.1998839562008,7.31332411720963,7.37452300350036),
 .UNSPECIFIED.);
#326=B_SPLINE_CURVE_WITH_KNOTS('',3,(#2303,#2304,#2305,#2306,#2307,#2308,
#2309,#2310,#2311,#2312),.UNSPECIFIED.,.F.,.F.,(4,3,3,4),(5.30633187883518,
5.3141078135015,5.50444405517176,5.69478029684202),.UNSPECIFIED.);
#327=B_SPLINE_CURVE_WITH_KNOTS('',3,(#2314,#2315,#2316,#2317),
 .UNSPECIFIED.,.F.,.F.,(4,4),(0.00829360049204937,0.0374691081849842),
 .UNSPECIFIED.);
#328=B_SPLINE_CURVE_WITH_KNOTS('',3,(#2318,#2319,#2320,#2321,#2322,#2323,
#2324),.UNSPECIFIED.,.F.,.F.,(4,3,4),(6.45067675275936,6.75538045966189,
6.84524724277008),.UNSPECIFIED.);
#329=B_SPLINE_CURVE_WITH_KNOTS('',3,(#2329,#2330,#2331,#2332,#2333,#2334,
#2335,#2336,#2337,#2338,#2339,#2340,#2341,#2342,#2343,#2344,#2345,#2346,
#2347,#2348,#2349,#2350,#2351,#2352,#2353,#2354,#2355,#2356),
 .UNSPECIFIED.,.F.,.F.,(4,3,3,3,3,3,3,3,3,4),(3.23815019913144,3.41075485060151,
3.66453524048408,3.91831563036666,4.17209602024923,4.42587641013181,4.67965680001438,
4.93343718989697,5.12377248230888,5.30633187883518),.UNSPECIFIED.);
#330=B_SPLINE_CURVE_WITH_KNOTS('',3,(#2357,#2358,#2359,#2360,#2361,#2362,
#2363,#2364,#2365,#2366,#2367,#2368,#2369,#2370,#2371,#2372,#2373,#2374,
#2375,#2376,#2377,#2378,#2379,#2380,#2381,#2382,#2383,#2384,#2385,#2386,
#2387),.UNSPECIFIED.,.F.,.F.,(4,3,3,3,3,3,3,3,3,3,4),(6.84524724277008,
7.06008308375764,7.26321786452773,7.46635264529782,7.66948742606792,7.87262220683801,
8.07575698760811,8.27889176837819,8.58359393953334,8.88829611068847,8.91343719929644),
 .UNSPECIFIED.);
#331=B_SPLINE_CURVE_WITH_KNOTS('',3,(#2394,#2395,#2396,#2397,#2398,#2399,
#2400),.UNSPECIFIED.,.F.,.F.,(4,3,4),(0.945584958912128,1.12674748304544,
1.16998346261403),.UNSPECIFIED.);
#332=B_SPLINE_CURVE_WITH_KNOTS('',3,(#2534,#2535,#2536,#2537,#2538,#2539,
#2540,#2541,#2542,#2543),.UNSPECIFIED.,.F.,.F.,(4,2,2,2,4),(0.571066564499562,
0.618637602926634,0.666208641353706,0.713815363676561,0.761422085999417),
 .UNSPECIFIED.);
#333=B_SPLINE_CURVE_WITH_KNOTS('',3,(#2545,#2546,#2547,#2548,#2549,#2550,
#2551,#2552,#2553,#2554),.UNSPECIFIED.,.F.,.F.,(4,2,2,2,4),(0.,0.0476067223228552,
0.0952134446457104,0.142784483072782,0.190355521499854),.UNSPECIFIED.);
#334=B_SPLINE_CURVE_WITH_KNOTS('',3,(#2558,#2559,#2560,#2561,#2562,#2563,
#2564,#2565,#2566,#2567,#2568,#2569,#2570,#2571,#2572,#2573,#2574,#2575),
 .UNSPECIFIED.,.F.,.F.,(4,2,2,2,2,2,2,2,4),(0.190355521499854,0.237926559926926,
0.285497598353998,0.333104320676853,0.380711042999708,0.428317765322563,
0.475924487645419,0.523495526072491,0.571066564499562),.UNSPECIFIED.);
#335=B_SPLINE_CURVE_WITH_KNOTS('',3,(#2578,#2579,#2580,#2581,#2582,#2583,
#2584,#2585,#2586,#2587),.UNSPECIFIED.,.F.,.F.,(4,2,2,2,4),(0.,0.0476067223228552,
0.0952134446457104,0.142784483072782,0.190355521499854),.UNSPECIFIED.);
#336=B_SPLINE_CURVE_WITH_KNOTS('',3,(#2588,#2589,#2590,#2591,#2592,#2593,
#2594,#2595,#2596,#2597,#2598,#2599,#2600,#2601,#2602,#2603,#2604,#2605,
#2606,#2607,#2608,#2609,#2610,#2611,#2612,#2613),.UNSPECIFIED.,.F.,.F.,
(4,2,2,2,2,2,2,2,2,2,2,2,4),(0.190355521499854,0.237926559926926,0.285497598353998,
0.333104320676853,0.380711042999708,0.428317765322563,0.475924487645419,
0.523495526072491,0.571066564499563,0.618637602926634,0.666208641353706,
0.713815363676562,0.761422085999417),.UNSPECIFIED.);
#337=B_SPLINE_CURVE_WITH_KNOTS('',3,(#2616,#2617,#2618,#2619,#2620,#2621,
#2622,#2623,#2624,#2625,#2626,#2627,#2628,#2629,#2630,#2631,#2632,#2633),
 .UNSPECIFIED.,.F.,.F.,(4,2,2,2,2,2,2,2,4),(0.,0.0476067223228553,0.0952134446457106,
0.142784483072782,0.190355521499854,0.237926559926926,0.285497598353998,
0.333104320676853,0.380711042999709),.UNSPECIFIED.);
#338=B_SPLINE_CURVE_WITH_KNOTS('',3,(#2634,#2635,#2636,#2637,#2638,#2639,
#2640,#2641,#2642,#2643,#2644,#2645,#2646,#2647,#2648,#2649,#2650,#2651),
 .UNSPECIFIED.,.F.,.F.,(4,2,2,2,2,2,2,2,4),(0.380711042999709,0.428317765322564,
0.475924487645419,0.523495526072491,0.571066564499563,0.618637602926635,
0.666208641353707,0.713815363676562,0.761422085999417),.UNSPECIFIED.);
#339=B_SPLINE_CURVE_WITH_KNOTS('',3,(#2792,#2793,#2794,#2795,#2796,#2797,
#2798,#2799,#2800,#2801,#2802,#2803,#2804,#2805,#2806,#2807,#2808,#2809,
#2810,#2811,#2812,#2813,#2814,#2815,#2816,#2817,#2818,#2819,#2820,#2821,
#2822,#2823,#2824,#2825,#2826,#2827,#2828,#2829,#2830,#2831,#2832,#2833,
#2834,#2835,#2836,#2837,#2838,#2839,#2840,#2841,#2842,#2843,#2844,#2845,
#2846,#2847,#2848,#2849,#2850,#2851,#2852,#2853,#2854,#2855),
 .UNSPECIFIED.,.F.,.F.,(4,3,3,3,3,3,3,3,3,3,3,3,3,3,3,3,3,3,3,3,3,4),(0.316866071709516,
0.349031030822686,0.381309769837254,0.396190294559756,0.427492006053341,
0.458823477290188,0.489551498352859,0.517877835053652,0.547910846309547,
0.577519937702595,0.606211506470812,0.634375232074828,0.641017703450579,
0.669992719136447,0.699298697950335,0.728372063501003,0.74568164002618,
0.774160151801816,0.802103666639676,0.816770633490651,0.844185112960004,
0.847290641049711),.UNSPECIFIED.);
#340=B_SPLINE_CURVE_WITH_KNOTS('',3,(#2856,#2857,#2858,#2859,#2860,#2861,
#2862,#2863,#2864,#2865,#2866,#2867),.UNSPECIFIED.,.F.,.F.,(4,2,2,2,2,4),
(0.0381240784420025,0.103486346980789,0.212136050525666,0.325947979901039,
0.444920650910558,0.565084207435223),.UNSPECIFIED.);
#341=B_SPLINE_CURVE_WITH_KNOTS('',3,(#2871,#2872,#2873,#2874,#2875,#2876,
#2877,#2878,#2879,#2880,#2881,#2882,#2883,#2884,#2885,#2886,#2887,#2888,
#2889),.UNSPECIFIED.,.F.,.F.,(4,3,3,3,3,3,4),(-0.0720287351504801,-0.0569085337384746,
-0.0419817004461903,-0.0379551860731145,-0.0198557649731891,-0.00175634387326372,
0.),.UNSPECIFIED.);
#342=B_SPLINE_CURVE_WITH_KNOTS('',3,(#2891,#2892,#2893,#2894),
 .UNSPECIFIED.,.F.,.F.,(4,4),(0.292690518828743,0.325543066579895),
 .UNSPECIFIED.);
#343=B_SPLINE_CURVE_WITH_KNOTS('',3,(#2895,#2896,#2897,#2898,#2899,#2900,
#2901,#2902,#2903,#2904,#2905,#2906,#2907,#2908,#2909,#2910,#2911,#2912,
#2913,#2914,#2915,#2916,#2917,#2918,#2919,#2920,#2921,#2922,#2923,#2924,
#2925,#2926,#2927,#2928,#2929,#2930),.UNSPECIFIED.,.F.,.F.,(4,2,2,2,2,2,
2,2,2,2,2,2,2,2,2,2,2,4),(-0.244471034406216,-0.191296692556463,-0.164146621483844,
-0.146076781108011,-0.133498655680762,-0.128223958172703,-0.125687006716641,
-0.125267632829094,-0.125048250656847,-0.12486958594381,-0.124664282890884,
-0.124318657739794,-0.123096980293513,-0.106231669233171,-0.0803994143358499,
-0.0522980571794477,-0.002000348878314,0.),.UNSPECIFIED.);
#344=B_SPLINE_CURVE_WITH_KNOTS('',3,(#2931,#2932,#2933,#2934,#2935,#2936,
#2937,#2938,#2939,#2940,#2941,#2942,#2943,#2944,#2945,#2946,#2947,#2948,
#2949),.UNSPECIFIED.,.F.,.F.,(4,3,3,3,3,3,4),(-0.0715749150532547,-0.0550588015634566,
-0.0384079955787936,-0.0356046722829038,-0.0212246267355353,-0.00668480266563015,
0.),.UNSPECIFIED.);
#345=B_SPLINE_CURVE_WITH_KNOTS('',3,(#2951,#2952,#2953,#2954,#2955,#2956,
#2957,#2958,#2959,#2960,#2961,#2962,#2963),.UNSPECIFIED.,.F.,.F.,(4,3,3,
3,4),(-0.074983175750426,-0.0520677343743313,-0.0376616633524877,-0.0101291176792227,
0.),.UNSPECIFIED.);
#346=B_SPLINE_CURVE_WITH_KNOTS('',3,(#2965,#2966,#2967,#2968,#2969,#2970),
 .UNSPECIFIED.,.F.,.F.,(4,2,4),(0.71490804029971,0.718798417386535,0.741642700014569),
 .UNSPECIFIED.);
#347=B_SPLINE_CURVE_WITH_KNOTS('',3,(#2972,#2973,#2974,#2975,#2976,#2977,
#2978,#2979,#2980,#2981,#2982,#2983,#2984,#2985,#2986,#2987),
 .UNSPECIFIED.,.F.,.F.,(4,3,3,3,3,4),(-0.0898707664840799,-0.0720595092602101,
-0.0542821031087141,-0.0442288325149715,-0.0206526689367726,0.),
 .UNSPECIFIED.);
#348=B_SPLINE_CURVE_WITH_KNOTS('',3,(#2989,#2990,#2991,#2992,#2993,#2994,
#2995,#2996,#2997,#2998),.UNSPECIFIED.,.F.,.F.,(4,2,2,2,4),(0.495587381485621,
0.523774178810386,0.571368548549658,0.618962918288931,0.662567233694134),
 .UNSPECIFIED.);
#349=B_SPLINE_CURVE_WITH_KNOTS('',3,(#2999,#3000,#3001,#3002,#3003,#3004,
#3005,#3006,#3007,#3008,#3009,#3010,#3011,#3012,#3013,#3014,#3015,#3016,
#3017),.UNSPECIFIED.,.F.,.F.,(4,3,3,3,3,3,4),(-0.0865753259486503,-0.0625522412758561,
-0.0452887753978563,-0.0279602018295133,-0.0105949735776515,-0.00142442658940898,
0.),.UNSPECIFIED.);
#350=B_SPLINE_CURVE_WITH_KNOTS('',3,(#3018,#3019,#3020,#3021,#3022,#3023,
#3024,#3025,#3026,#3027,#3028,#3029,#3030,#3031,#3032,#3033,#3034,#3035,
#3036),.UNSPECIFIED.,.F.,.F.,(4,3,3,3,3,3,4),(-0.0743373066056892,-0.0539606288164888,
-0.0390890899076963,-0.0215867283456527,-0.00400338051664296,-0.00217820858718667,
0.),.UNSPECIFIED.);
#351=B_SPLINE_CURVE_WITH_KNOTS('',3,(#3040,#3041,#3042,#3043,#3044,#3045,
#3046,#3047,#3048,#3049,#3050,#3051,#3052,#3053,#3054,#3055,#3056,#3057,
#3058,#3059,#3060,#3061,#3062,#3063,#3064,#3065,#3066,#3067,#3068,#3069,
#3070),.UNSPECIFIED.,.F.,.F.,(4,3,3,3,3,3,3,3,3,3,4),(1.16998346261403,
1.31708051494897,1.50741443208439,1.69774834921981,1.88808226635523,2.14186082253579,
2.39563937871635,2.6494179348969,2.90319649107746,3.15697504725801,3.23815019913144),
 .UNSPECIFIED.);
#352=B_SPLINE_CURVE_WITH_KNOTS('',3,(#3072,#3073,#3074,#3075,#3076,#3077,
#3078,#3079,#3080,#3081,#3082,#3083,#3084,#3085,#3086,#3087,#3088,#3089,
#3090,#3091,#3092,#3093),.UNSPECIFIED.,.F.,.F.,(4,3,3,3,3,3,3,4),(8.91343719929644,
9.19299736040779,9.49769852726186,9.7008326384979,9.90396674973394,10.10710086097,
10.4118020278241,10.7165031946781),.UNSPECIFIED.);
#353=B_SPLINE_CURVE_WITH_KNOTS('',3,(#3096,#3097,#3098,#3099,#3100,#3101,
#3102,#3103,#3104,#3105,#3106,#3107,#3108,#3109,#3110,#3111,#3112,#3113,
#3114,#3115,#3116,#3117,#3118,#3119,#3120,#3121,#3122,#3123,#3124,#3125,
#3126),.UNSPECIFIED.,.F.,.F.,(4,3,3,3,3,3,3,3,3,3,4),(7.37452300350036,
7.54020459305046,7.76708512571002,7.99396565836957,8.22084619102914,8.44772672368869,
8.67460725634825,8.9014877890078,9.12836832166736,9.35524885432692,9.44271813365835),
 .UNSPECIFIED.);
#354=B_SPLINE_CURVE_WITH_KNOTS('',3,(#3127,#3128,#3129,#3130,#3131,#3132,
#3133,#3134,#3135,#3136,#3137,#3138,#3139,#3140,#3141,#3142,#3143,#3144,
#3145,#3146,#3147,#3148,#3149,#3150,#3151),.UNSPECIFIED.,.F.,.F.,(4,3,3,
3,3,3,3,3,4),(2.70890385124326,2.73019541285482,2.91210746087181,3.09401950888879,
3.27593155690577,3.45784360492275,3.63975565293973,3.9126237249652,4.18549179699067),
 .UNSPECIFIED.);
#355=B_SPLINE_CURVE_WITH_KNOTS('',3,(#3152,#3153,#3154,#3155,#3156,#3157,
#3158),.UNSPECIFIED.,.F.,.F.,(4,3,4),(4.34710371203679,4.61199110838273,
4.77706762315727),.UNSPECIFIED.);
#356=B_SPLINE_CURVE_WITH_KNOTS('',3,(#3251,#3252,#3253,#3254,#3255,#3256,
#3257,#3258,#3259,#3260,#3261,#3262,#3263,#3264,#3265,#3266,#3267,#3268,
#3269,#3270,#3271,#3272,#3273,#3274,#3275,#3276,#3277,#3278,#3279,#3280,
#3281),.UNSPECIFIED.,.F.,.F.,(4,3,3,3,3,3,3,3,3,3,4),(-2.95889028041526,
-2.82453278611958,-2.64023003620315,-2.45592728628671,-2.27162453637027,
-2.08732178645384,-1.9030190365374,-1.71871628662097,-1.53441353670453,
-1.3501107867881,-1.27882524562305),.UNSPECIFIED.);
#357=B_SPLINE_CURVE_WITH_KNOTS('',3,(#3362,#3363,#3364,#3365,#3366,#3367,
#3368,#3369,#3370,#3371,#3372,#3373,#3374,#3375,#3376,#3377,#3378,#3379,
#3380,#3381,#3382,#3383,#3384,#3385,#3386,#3387,#3388,#3389),
 .UNSPECIFIED.,.F.,.F.,(4,3,3,3,3,3,3,3,3,4),(6.74898673919805,6.87969295585113,
7.02746341201478,7.17523386817842,7.32300432434208,7.47077478050572,7.76631569283303,
7.9879713770785,8.20962706132397,8.42905420239732),.UNSPECIFIED.);
#358=B_SPLINE_CURVE_WITH_KNOTS('',3,(#3470,#3471,#3472,#3473,#3474,#3475,
#3476,#3477,#3478,#3479,#3480,#3481,#3482,#3483,#3484,#3485,#3486,#3487,
#3488,#3489,#3490,#3491,#3492,#3493,#3494,#3495,#3496,#3497,#3498,#3499,
#3500),.UNSPECIFIED.,.F.,.F.,(4,3,3,3,3,3,3,3,3,3,4),(1.70877161356494,
1.72942597748882,1.9769474017518,2.22446882601478,2.38948310885677,2.55449739169875,
2.71951167454074,2.88452595738273,3.04954024022472,3.21455452306671,3.38884275197487),
 .UNSPECIFIED.);
#359=B_SPLINE_CURVE_WITH_KNOTS('',3,(#3501,#3502,#3503,#3504,#3505,#3506,
#3507,#3508,#3509,#3510,#3511,#3512),.UNSPECIFIED.,.F.,.F.,(4,2,2,2,2,4),
(0.0381240784419917,0.10348634698076,0.212136050525622,0.325947979900963,
0.444920650910465,0.565084207435088),.UNSPECIFIED.);
#360=B_SPLINE_CURVE_WITH_KNOTS('',3,(#3553,#3554,#3555,#3556,#3557,#3558,
#3559,#3560,#3561,#3562,#3563,#3564,#3565,#3566,#3567,#3568,#3569,#3570,
#3571,#3572,#3573,#3574),.UNSPECIFIED.,.F.,.F.,(4,3,3,3,3,3,3,4),(3.9240908968994,
4.12719212466612,4.34240429054147,4.55761645641681,4.77282862229217,4.98804078816752,
5.20325295404287,5.37068681130175),.UNSPECIFIED.);
#361=B_SPLINE_CURVE_WITH_KNOTS('',3,(#3577,#3578,#3579,#3580,#3581,#3582,
#3583,#3584,#3585,#3586,#3587,#3588,#3589,#3590,#3591,#3592,#3593,#3594,
#3595,#3596,#3597,#3598,#3599,#3600,#3601,#3602,#3603,#3604,#3605,#3606,
#3607),.UNSPECIFIED.,.F.,.F.,(4,3,3,3,3,3,3,3,3,3,4),(-7.99910485887393,
-7.87984207646564,-7.72522461074503,-7.57060714502442,-7.41598967930381,
-7.20983305834302,-7.0036764373822,-6.79751981642139,-6.59136319546059,
-6.38520657449978,-6.3190327832578),.UNSPECIFIED.);
#362=B_SPLINE_CURVE_WITH_KNOTS('',3,(#3612,#3613,#3614,#3615,#3616,#3617,
#3618,#3619,#3620,#3621,#3622,#3623,#3624,#3625,#3626,#3627,#3628,#3629),
 .UNSPECIFIED.,.F.,.F.,(4,2,2,2,2,2,2,2,4),(0.188940047579712,0.236173496177583,
0.283406944775455,0.330643519967439,0.377880095159423,0.425116670351407,
0.472353245543391,0.519586694141263,0.566820142739135),.UNSPECIFIED.);
#363=B_SPLINE_CURVE_WITH_KNOTS('',3,(#3634,#3635,#3636,#3637,#3638,#3639,
#3640,#3641,#3642,#3643,#3644,#3645,#3646,#3647,#3648,#3649,#3650,#3651),
 .UNSPECIFIED.,.F.,.F.,(4,2,2,2,2,2,2,2,4),(0.188940047579712,0.236173496177583,
0.283406944775455,0.330643519967439,0.377880095159423,0.425116670351407,
0.472353245543391,0.519586694141263,0.566820142739135),.UNSPECIFIED.);
#364=B_SPLINE_CURVE_WITH_KNOTS('',3,(#3666,#3667,#3668,#3669,#3670,#3671,
#3672,#3673,#3674,#3675,#3676,#3677,#3678,#3679,#3680,#3681,#3682,#3683,
#3684,#3685,#3686,#3687,#3688,#3689,#3690,#3691,#3692,#3693,#3694,#3695,
#3696,#3697,#3698,#3699,#3700,#3701,#3702,#3703,#3704,#3705,#3706,#3707,
#3708,#3709,#3710,#3711,#3712,#3713,#3714,#3715,#3716,#3717,#3718,#3719,
#3720,#3721,#3722,#3723,#3724,#3725,#3726,#3727,#3728,#3729,#3730,#3731,
#3732,#3733,#3734,#3735),.UNSPECIFIED.,.F.,.F.,(4,3,3,3,3,3,3,3,3,3,3,3,
3,3,3,3,3,3,3,3,3,3,3,4),(0.316866071709527,0.326091775887139,0.358208738123021,
0.389947171267209,0.396190294559771,0.427286461999597,0.458190471700406,
0.488367747140805,0.511368408814595,0.517877835053626,0.547934328949947,
0.578023288249251,0.607565680899919,0.634375232074762,0.663229407145022,
0.685146175330828,0.715413907678455,0.744072475753539,0.745681640026082,
0.773902152983915,0.80164125945932,0.816770633490573,0.843965872946496,
0.847290641049656),.UNSPECIFIED.);
#365=B_SPLINE_CURVE_WITH_KNOTS('',3,(#3737,#3738,#3739,#3740,#3741,#3742,
#3743,#3744,#3745,#3746,#3747,#3748,#3749,#3750,#3751,#3752,#3753,#3754,
#3755,#3756,#3757,#3758,#3759,#3760,#3761,#3762,#3763,#3764),
 .UNSPECIFIED.,.F.,.F.,(4,3,3,3,3,3,3,3,3,4),(-5.8045789547298,-5.76675303143864,
-5.56059893297508,-5.35444483451152,-5.14829073604797,-4.94213663758441,
-4.78752106373674,-4.63290548988907,-4.4782899160414,-4.34691633371739),
 .UNSPECIFIED.);
#366=LINE('',#2043,#510);
#367=LINE('',#2085,#511);
#368=LINE('',#2111,#512);
#369=LINE('',#2173,#513);
#370=LINE('',#2197,#514);
#371=LINE('',#2242,#515);
#372=LINE('',#2301,#516);
#373=LINE('',#2328,#517);
#374=LINE('',#2391,#518);
#375=LINE('',#2404,#519);
#376=LINE('',#2406,#520);
#377=LINE('',#2408,#521);
#378=LINE('',#2409,#522);
#379=LINE('',#2412,#523);
#380=LINE('',#2414,#524);
#381=LINE('',#2415,#525);
#382=LINE('',#2418,#526);
#383=LINE('',#2420,#527);
#384=LINE('',#2422,#528);
#385=LINE('',#2424,#529);
#386=LINE('',#2425,#530);
#387=LINE('',#2432,#531);
#388=LINE('',#2434,#532);
#389=LINE('',#2435,#533);
#390=LINE('',#2438,#534);
#391=LINE('',#2440,#535);
#392=LINE('',#2441,#536);
#393=LINE('',#2446,#537);
#394=LINE('',#2451,#538);
#395=LINE('',#2453,#539);
#396=LINE('',#2455,#540);
#397=LINE('',#2456,#541);
#398=LINE('',#2459,#542);
#399=LINE('',#2464,#543);
#400=LINE('',#2466,#544);
#401=LINE('',#2468,#545);
#402=LINE('',#2469,#546);
#403=LINE('',#2472,#547);
#404=LINE('',#2474,#548);
#405=LINE('',#2475,#549);
#406=LINE('',#2479,#550);
#407=LINE('',#2481,#551);
#408=LINE('',#2483,#552);
#409=LINE('',#2484,#553);
#410=LINE('',#2487,#554);
#411=LINE('',#2489,#555);
#412=LINE('',#2490,#556);
#413=LINE('',#2492,#557);
#414=LINE('',#2493,#558);
#415=LINE('',#2495,#559);
#416=LINE('',#2496,#560);
#417=LINE('',#2499,#561);
#418=LINE('',#2501,#562);
#419=LINE('',#2502,#563);
#420=LINE('',#2505,#564);
#421=LINE('',#2506,#565);
#422=LINE('',#2509,#566);
#423=LINE('',#2510,#567);
#424=LINE('',#2514,#568);
#425=LINE('',#2516,#569);
#426=LINE('',#2518,#570);
#427=LINE('',#2520,#571);
#428=LINE('',#2522,#572);
#429=LINE('',#2523,#573);
#430=LINE('',#2528,#574);
#431=LINE('',#2532,#575);
#432=LINE('',#2556,#576);
#433=LINE('',#2654,#577);
#434=LINE('',#2656,#578);
#435=LINE('',#2657,#579);
#436=LINE('',#2661,#580);
#437=LINE('',#2662,#581);
#438=LINE('',#2663,#582);
#439=LINE('',#2666,#583);
#440=LINE('',#2667,#584);
#441=LINE('',#2671,#585);
#442=LINE('',#2672,#586);
#443=LINE('',#2673,#587);
#444=LINE('',#2675,#588);
#445=LINE('',#2679,#589);
#446=LINE('',#2681,#590);
#447=LINE('',#2682,#591);
#448=LINE('',#2686,#592);
#449=LINE('',#2687,#593);
#450=LINE('',#2688,#594);
#451=LINE('',#2691,#595);
#452=LINE('',#2693,#596);
#453=LINE('',#2694,#597);
#454=LINE('',#2697,#598);
#455=LINE('',#2698,#599);
#456=LINE('',#2699,#600);
#457=LINE('',#2701,#601);
#458=LINE('',#2705,#602);
#459=LINE('',#2707,#603);
#460=LINE('',#2708,#604);
#461=LINE('',#2710,#605);
#462=LINE('',#2711,#606);
#463=LINE('',#2713,#607);
#464=LINE('',#2714,#608);
#465=LINE('',#2717,#609);
#466=LINE('',#2718,#610);
#467=LINE('',#2719,#611);
#468=LINE('',#2722,#612);
#469=LINE('',#2726,#613);
#470=LINE('',#2728,#614);
#471=LINE('',#2729,#615);
#472=LINE('',#2731,#616);
#473=LINE('',#2732,#617);
#474=LINE('',#2735,#618);
#475=LINE('',#2737,#619);
#476=LINE('',#2738,#620);
#477=LINE('',#2740,#621);
#478=LINE('',#2741,#622);
#479=LINE('',#2743,#623);
#480=LINE('',#2747,#624);
#481=LINE('',#2748,#625);
#482=LINE('',#2749,#626);
#483=LINE('',#2751,#627);
#484=LINE('',#2753,#628);
#485=LINE('',#2755,#629);
#486=LINE('',#2756,#630);
#487=LINE('',#2758,#631);
#488=LINE('',#2759,#632);
#489=LINE('',#2761,#633);
#490=LINE('',#2763,#634);
#491=LINE('',#2764,#635);
#492=LINE('',#2766,#636);
#493=LINE('',#2771,#637);
#494=LINE('',#2774,#638);
#495=LINE('',#2780,#639);
#496=LINE('',#2781,#640);
#497=LINE('',#2784,#641);
#498=LINE('',#2787,#642);
#499=LINE('',#2869,#643);
#500=LINE('',#3038,#644);
#501=LINE('',#3610,#645);
#502=LINE('',#3630,#646);
#503=LINE('',#3632,#647);
#504=LINE('',#3652,#648);
#505=LINE('',#3660,#649);
#506=LINE('',#3662,#650);
#507=LINE('',#3664,#651);
#508=LINE('',#3874,#652);
#509=LINE('',#3876,#653);
#510=VECTOR('',#1685,3.175);
#511=VECTOR('',#1690,3.175);
#512=VECTOR('',#1693,3.175);
#513=VECTOR('',#1696,3.175);
#514=VECTOR('',#1701,3.175);
#515=VECTOR('',#1706,3.175);
#516=VECTOR('',#1709,3.175);
#517=VECTOR('',#1712,3.175);
#518=VECTOR('',#1715,3.175);
#519=VECTOR('',#1720,10.);
#520=VECTOR('',#1721,10.);
#521=VECTOR('',#1722,10.);
#522=VECTOR('',#1723,10.);
#523=VECTOR('',#1726,10.);
#524=VECTOR('',#1727,10.);
#525=VECTOR('',#1728,10.);
#526=VECTOR('',#1731,10.);
#527=VECTOR('',#1732,10.);
#528=VECTOR('',#1733,10.);
#529=VECTOR('',#1734,10.);
#530=VECTOR('',#1735,10.);
#531=VECTOR('',#1742,10.);
#532=VECTOR('',#1743,10.);
#533=VECTOR('',#1744,10.);
#534=VECTOR('',#1747,10.);
#535=VECTOR('',#1748,10.);
#536=VECTOR('',#1749,10.);
#537=VECTOR('',#1754,1.5);
#538=VECTOR('',#1759,10.);
#539=VECTOR('',#1760,10.);
#540=VECTOR('',#1761,10.);
#541=VECTOR('',#1762,10.);
#542=VECTOR('',#1765,1.25);
#543=VECTOR('',#1770,10.);
#544=VECTOR('',#1771,10.);
#545=VECTOR('',#1772,10.);
#546=VECTOR('',#1773,10.);
#547=VECTOR('',#1776,10.);
#548=VECTOR('',#1777,10.);
#549=VECTOR('',#1778,10.);
#550=VECTOR('',#1781,10.);
#551=VECTOR('',#1782,10.);
#552=VECTOR('',#1783,10.);
#553=VECTOR('',#1784,10.);
#554=VECTOR('',#1787,10.);
#555=VECTOR('',#1788,10.);
#556=VECTOR('',#1789,10.);
#557=VECTOR('',#1792,10.);
#558=VECTOR('',#1793,10.);
#559=VECTOR('',#1796,10.);
#560=VECTOR('',#1797,10.);
#561=VECTOR('',#1800,10.);
#562=VECTOR('',#1801,10.);
#563=VECTOR('',#1802,10.);
#564=VECTOR('',#1805,10.);
#565=VECTOR('',#1806,10.);
#566=VECTOR('',#1809,10.);
#567=VECTOR('',#1810,10.);
#568=VECTOR('',#1813,10.);
#569=VECTOR('',#1814,10.);
#570=VECTOR('',#1815,10.);
#571=VECTOR('',#1816,10.);
#572=VECTOR('',#1817,10.);
#573=VECTOR('',#1818,10.);
#574=VECTOR('',#1823,3.6);
#575=VECTOR('',#1828,3.35);
#576=VECTOR('',#1829,3.35);
#577=VECTOR('',#1834,10.);
#578=VECTOR('',#1835,10.);
#579=VECTOR('',#1836,10.);
#580=VECTOR('',#1839,10.);
#581=VECTOR('',#1840,10.);
#582=VECTOR('',#1841,10.);
#583=VECTOR('',#1844,10.);
#584=VECTOR('',#1845,10.);
#585=VECTOR('',#1848,10.);
#586=VECTOR('',#1849,10.);
#587=VECTOR('',#1850,10.);
#588=VECTOR('',#1853,10.);
#589=VECTOR('',#1856,10.);
#590=VECTOR('',#1857,10.);
#591=VECTOR('',#1858,10.);
#592=VECTOR('',#1861,10.);
#593=VECTOR('',#1862,10.);
#594=VECTOR('',#1863,10.);
#595=VECTOR('',#1866,10.);
#596=VECTOR('',#1867,10.);
#597=VECTOR('',#1868,10.);
#598=VECTOR('',#1871,10.);
#599=VECTOR('',#1872,10.);
#600=VECTOR('',#1873,10.);
#601=VECTOR('',#1876,10.);
#602=VECTOR('',#1879,10.);
#603=VECTOR('',#1880,10.);
#604=VECTOR('',#1881,10.);
#605=VECTOR('',#1884,10.);
#606=VECTOR('',#1885,10.);
#607=VECTOR('',#1888,10.);
#608=VECTOR('',#1889,10.);
#609=VECTOR('',#1892,10.);
#610=VECTOR('',#1893,10.);
#611=VECTOR('',#1894,10.);
#612=VECTOR('',#1899,10.);
#613=VECTOR('',#1902,10.);
#614=VECTOR('',#1903,10.);
#615=VECTOR('',#1904,10.);
#616=VECTOR('',#1907,10.);
#617=VECTOR('',#1908,10.);
#618=VECTOR('',#1911,10.);
#619=VECTOR('',#1912,10.);
#620=VECTOR('',#1913,10.);
#621=VECTOR('',#1916,10.);
#622=VECTOR('',#1917,10.);
#623=VECTOR('',#1920,10.);
#624=VECTOR('',#1923,10.);
#625=VECTOR('',#1924,10.);
#626=VECTOR('',#1925,10.);
#627=VECTOR('',#1928,10.);
#628=VECTOR('',#1931,10.);
#629=VECTOR('',#1934,10.);
#630=VECTOR('',#1935,10.);
#631=VECTOR('',#1938,10.);
#632=VECTOR('',#1939,10.);
#633=VECTOR('',#1942,10.);
#634=VECTOR('',#1945,10.);
#635=VECTOR('',#1946,10.);
#636=VECTOR('',#1949,10.);
#637=VECTOR('',#1954,10.);
#638=VECTOR('',#1957,10.);
#639=VECTOR('',#1966,10.);
#640=VECTOR('',#1967,10.);
#641=VECTOR('',#1970,10.);
#642=VECTOR('',#1975,10.);
#643=VECTOR('',#1986,1.25);
#644=VECTOR('',#1989,1.25);
#645=VECTOR('',#2002,10.);
#646=VECTOR('',#2003,10.);
#647=VECTOR('',#2004,10.);
#648=VECTOR('',#2005,10.);
#649=VECTOR('',#2018,1.25);
#650=VECTOR('',#2021,1.25);
#651=VECTOR('',#2024,1.25);
#652=VECTOR('',#2031,10.);
#653=VECTOR('',#2034,10.);
#654=VERTEX_POINT('',#2041);
#655=VERTEX_POINT('',#2042);
#656=VERTEX_POINT('',#2044);
#657=VERTEX_POINT('',#2061);
#658=VERTEX_POINT('',#2083);
#659=VERTEX_POINT('',#2084);
#660=VERTEX_POINT('',#2086);
#661=VERTEX_POINT('',#2094);
#662=VERTEX_POINT('',#2109);
#663=VERTEX_POINT('',#2110);
#664=VERTEX_POINT('',#2112);
#665=VERTEX_POINT('',#2138);
#666=VERTEX_POINT('',#2171);
#667=VERTEX_POINT('',#2172);
#668=VERTEX_POINT('',#2174);
#669=VERTEX_POINT('',#2182);
#670=VERTEX_POINT('',#2195);
#671=VERTEX_POINT('',#2196);
#672=VERTEX_POINT('',#2198);
#673=VERTEX_POINT('',#2212);
#674=VERTEX_POINT('',#2240);
#675=VERTEX_POINT('',#2241);
#676=VERTEX_POINT('',#2243);
#677=VERTEX_POINT('',#2263);
#678=VERTEX_POINT('',#2268);
#679=VERTEX_POINT('',#2299);
#680=VERTEX_POINT('',#2300);
#681=VERTEX_POINT('',#2302);
#682=VERTEX_POINT('',#2313);
#683=VERTEX_POINT('',#2326);
#684=VERTEX_POINT('',#2327);
#685=VERTEX_POINT('',#2389);
#686=VERTEX_POINT('',#2390);
#687=VERTEX_POINT('',#2392);
#688=VERTEX_POINT('',#2402);
#689=VERTEX_POINT('',#2403);
#690=VERTEX_POINT('',#2405);
#691=VERTEX_POINT('',#2407);
#692=VERTEX_POINT('',#2411);
#693=VERTEX_POINT('',#2413);
#694=VERTEX_POINT('',#2417);
#695=VERTEX_POINT('',#2419);
#696=VERTEX_POINT('',#2421);
#697=VERTEX_POINT('',#2423);
#698=VERTEX_POINT('',#2426);
#699=VERTEX_POINT('',#2428);
#700=VERTEX_POINT('',#2431);
#701=VERTEX_POINT('',#2433);
#702=VERTEX_POINT('',#2437);
#703=VERTEX_POINT('',#2439);
#704=VERTEX_POINT('',#2443);
#705=VERTEX_POINT('',#2445);
#706=VERTEX_POINT('',#2449);
#707=VERTEX_POINT('',#2450);
#708=VERTEX_POINT('',#2452);
#709=VERTEX_POINT('',#2454);
#710=VERTEX_POINT('',#2458);
#711=VERTEX_POINT('',#2462);
#712=VERTEX_POINT('',#2463);
#713=VERTEX_POINT('',#2465);
#714=VERTEX_POINT('',#2467);
#715=VERTEX_POINT('',#2471);
#716=VERTEX_POINT('',#2473);
#717=VERTEX_POINT('',#2477);
#718=VERTEX_POINT('',#2478);
#719=VERTEX_POINT('',#2480);
#720=VERTEX_POINT('',#2482);
#721=VERTEX_POINT('',#2486);
#722=VERTEX_POINT('',#2488);
#723=VERTEX_POINT('',#2498);
#724=VERTEX_POINT('',#2500);
#725=VERTEX_POINT('',#2504);
#726=VERTEX_POINT('',#2508);
#727=VERTEX_POINT('',#2512);
#728=VERTEX_POINT('',#2513);
#729=VERTEX_POINT('',#2515);
#730=VERTEX_POINT('',#2517);
#731=VERTEX_POINT('',#2519);
#732=VERTEX_POINT('',#2521);
#733=VERTEX_POINT('',#2525);
#734=VERTEX_POINT('',#2527);
#735=VERTEX_POINT('',#2531);
#736=VERTEX_POINT('',#2533);
#737=VERTEX_POINT('',#2544);
#738=VERTEX_POINT('',#2555);
#739=VERTEX_POINT('',#2576);
#740=VERTEX_POINT('',#2577);
#741=VERTEX_POINT('',#2614);
#742=VERTEX_POINT('',#2615);
#743=VERTEX_POINT('',#2653);
#744=VERTEX_POINT('',#2655);
#745=VERTEX_POINT('',#2659);
#746=VERTEX_POINT('',#2660);
#747=VERTEX_POINT('',#2665);
#748=VERTEX_POINT('',#2669);
#749=VERTEX_POINT('',#2670);
#750=VERTEX_POINT('',#2677);
#751=VERTEX_POINT('',#2678);
#752=VERTEX_POINT('',#2680);
#753=VERTEX_POINT('',#2684);
#754=VERTEX_POINT('',#2685);
#755=VERTEX_POINT('',#2690);
#756=VERTEX_POINT('',#2692);
#757=VERTEX_POINT('',#2696);
#758=VERTEX_POINT('',#2703);
#759=VERTEX_POINT('',#2704);
#760=VERTEX_POINT('',#2706);
#761=VERTEX_POINT('',#2716);
#762=VERTEX_POINT('',#2724);
#763=VERTEX_POINT('',#2725);
#764=VERTEX_POINT('',#2727);
#765=VERTEX_POINT('',#2734);
#766=VERTEX_POINT('',#2736);
#767=VERTEX_POINT('',#2745);
#768=VERTEX_POINT('',#2746);
#769=VERTEX_POINT('',#2767);
#770=VERTEX_POINT('',#2770);
#771=VERTEX_POINT('',#2772);
#772=VERTEX_POINT('',#2779);
#773=VERTEX_POINT('',#2783);
#774=VERTEX_POINT('',#2870);
#775=VERTEX_POINT('',#2890);
#776=VERTEX_POINT('',#2950);
#777=VERTEX_POINT('',#2964);
#778=VERTEX_POINT('',#2971);
#779=VERTEX_POINT('',#2988);
#780=VERTEX_POINT('',#3071);
#781=VERTEX_POINT('',#3609);
#782=VERTEX_POINT('',#3611);
#783=VERTEX_POINT('',#3631);
#784=VERTEX_POINT('',#3633);
#785=VERTEX_POINT('',#3658);
#786=EDGE_CURVE('',#654,#655,#366,.T.);
#787=EDGE_CURVE('',#655,#656,#310,.F.);
#788=EDGE_CURVE('',#656,#657,#289,.F.);
#789=EDGE_CURVE('',#657,#654,#311,.T.);
#790=EDGE_CURVE('',#658,#659,#367,.T.);
#791=EDGE_CURVE('',#658,#660,#312,.T.);
#792=EDGE_CURVE('',#660,#661,#313,.T.);
#793=EDGE_CURVE('',#661,#659,#314,.F.);
#794=EDGE_CURVE('',#662,#663,#368,.T.);
#795=EDGE_CURVE('',#663,#664,#315,.F.);
#796=EDGE_CURVE('',#664,#665,#316,.T.);
#797=EDGE_CURVE('',#665,#662,#317,.T.);
#798=EDGE_CURVE('',#666,#667,#369,.T.);
#799=EDGE_CURVE('',#666,#668,#318,.T.);
#800=EDGE_CURVE('',#669,#668,#290,.F.);
#801=EDGE_CURVE('',#669,#667,#319,.F.);
#802=EDGE_CURVE('',#670,#671,#370,.T.);
#803=EDGE_CURVE('',#671,#672,#320,.T.);
#804=EDGE_CURVE('',#673,#672,#291,.T.);
#805=EDGE_CURVE('',#670,#673,#321,.F.);
#806=EDGE_CURVE('',#674,#675,#371,.T.);
#807=EDGE_CURVE('',#676,#674,#322,.F.);
#808=EDGE_CURVE('',#676,#677,#323,.T.);
#809=EDGE_CURVE('',#677,#678,#324,.T.);
#810=EDGE_CURVE('',#678,#675,#325,.T.);
#811=EDGE_CURVE('',#679,#680,#372,.T.);
#812=EDGE_CURVE('',#680,#681,#326,.T.);
#813=EDGE_CURVE('',#681,#682,#327,.T.);
#814=EDGE_CURVE('',#679,#682,#328,.F.);
#815=EDGE_CURVE('',#683,#684,#373,.T.);
#816=EDGE_CURVE('',#684,#680,#329,.T.);
#817=EDGE_CURVE('',#683,#679,#330,.F.);
#818=EDGE_CURVE('',#685,#686,#374,.T.);
#819=EDGE_CURVE('',#685,#687,#292,.T.);
#820=EDGE_CURVE('',#687,#686,#331,.T.);
#821=EDGE_CURVE('',#688,#689,#375,.T.);
#822=EDGE_CURVE('',#689,#690,#376,.T.);
#823=EDGE_CURVE('',#690,#691,#377,.F.);
#824=EDGE_CURVE('',#691,#688,#378,.T.);
#825=EDGE_CURVE('',#688,#692,#379,.T.);
#826=EDGE_CURVE('',#693,#692,#380,.T.);
#827=EDGE_CURVE('',#693,#689,#381,.T.);
#828=EDGE_CURVE('',#694,#691,#382,.T.);
#829=EDGE_CURVE('',#694,#695,#383,.T.);
#830=EDGE_CURVE('',#696,#695,#384,.T.);
#831=EDGE_CURVE('',#697,#696,#385,.T.);
#832=EDGE_CURVE('',#688,#697,#386,.T.);
#833=EDGE_CURVE('',#698,#698,#293,.T.);
#834=EDGE_CURVE('',#699,#699,#294,.T.);
#835=EDGE_CURVE('',#700,#697,#387,.T.);
#836=EDGE_CURVE('',#696,#701,#388,.F.);
#837=EDGE_CURVE('',#701,#700,#389,.T.);
#838=EDGE_CURVE('',#700,#702,#390,.T.);
#839=EDGE_CURVE('',#702,#703,#391,.T.);
#840=EDGE_CURVE('',#703,#697,#392,.T.);
#841=EDGE_CURVE('',#704,#704,#295,.T.);
#842=EDGE_CURVE('',#704,#705,#393,.T.);
#843=EDGE_CURVE('',#705,#705,#296,.T.);
#844=EDGE_CURVE('',#706,#707,#394,.T.);
#845=EDGE_CURVE('',#708,#706,#395,.T.);
#846=EDGE_CURVE('',#709,#708,#396,.T.);
#847=EDGE_CURVE('',#707,#709,#397,.T.);
#848=EDGE_CURVE('',#705,#710,#398,.T.);
#849=EDGE_CURVE('',#710,#710,#297,.T.);
#850=EDGE_CURVE('',#711,#712,#399,.T.);
#851=EDGE_CURVE('',#712,#713,#400,.T.);
#852=EDGE_CURVE('',#713,#714,#401,.T.);
#853=EDGE_CURVE('',#711,#714,#402,.T.);
#854=EDGE_CURVE('',#712,#715,#403,.T.);
#855=EDGE_CURVE('',#715,#716,#404,.T.);
#856=EDGE_CURVE('',#716,#713,#405,.T.);
#857=EDGE_CURVE('',#717,#718,#406,.T.);
#858=EDGE_CURVE('',#718,#719,#407,.T.);
#859=EDGE_CURVE('',#719,#720,#408,.T.);
#860=EDGE_CURVE('',#720,#717,#409,.T.);
#861=EDGE_CURVE('',#721,#719,#410,.T.);
#862=EDGE_CURVE('',#718,#722,#411,.T.);
#863=EDGE_CURVE('',#722,#721,#412,.T.);
#864=EDGE_CURVE('',#715,#717,#413,.T.);
#865=EDGE_CURVE('',#720,#716,#414,.T.);
#866=EDGE_CURVE('',#714,#721,#415,.T.);
#867=EDGE_CURVE('',#722,#711,#416,.T.);
#868=EDGE_CURVE('',#716,#723,#417,.T.);
#869=EDGE_CURVE('',#723,#724,#418,.T.);
#870=EDGE_CURVE('',#713,#724,#419,.T.);
#871=EDGE_CURVE('',#720,#725,#420,.T.);
#872=EDGE_CURVE('',#725,#723,#421,.T.);
#873=EDGE_CURVE('',#719,#726,#422,.T.);
#874=EDGE_CURVE('',#726,#725,#423,.T.);
#875=EDGE_CURVE('',#727,#728,#424,.T.);
#876=EDGE_CURVE('',#729,#727,#425,.T.);
#877=EDGE_CURVE('',#730,#729,#426,.T.);
#878=EDGE_CURVE('',#731,#730,#427,.T.);
#879=EDGE_CURVE('',#732,#731,#428,.T.);
#880=EDGE_CURVE('',#728,#732,#429,.T.);
#881=EDGE_CURVE('',#733,#733,#298,.T.);
#882=EDGE_CURVE('',#733,#734,#430,.T.);
#883=EDGE_CURVE('',#734,#734,#299,.T.);
#884=EDGE_CURVE('',#734,#735,#431,.T.);
#885=EDGE_CURVE('',#735,#736,#332,.T.);
#886=EDGE_CURVE('',#736,#737,#333,.T.);
#887=EDGE_CURVE('',#737,#738,#432,.T.);
#888=EDGE_CURVE('',#738,#738,#300,.F.);
#889=EDGE_CURVE('',#737,#735,#334,.T.);
#890=EDGE_CURVE('',#739,#740,#335,.T.);
#891=EDGE_CURVE('',#740,#739,#336,.T.);
#892=EDGE_CURVE('',#741,#742,#337,.T.);
#893=EDGE_CURVE('',#742,#741,#338,.T.);
#894=EDGE_CURVE('',#743,#726,#433,.T.);
#895=EDGE_CURVE('',#744,#743,#434,.T.);
#896=EDGE_CURVE('',#724,#744,#435,.T.);
#897=EDGE_CURVE('',#745,#746,#436,.T.);
#898=EDGE_CURVE('',#728,#745,#437,.T.);
#899=EDGE_CURVE('',#746,#728,#438,.T.);
#900=EDGE_CURVE('',#745,#747,#439,.T.);
#901=EDGE_CURVE('',#747,#727,#440,.T.);
#902=EDGE_CURVE('',#748,#749,#441,.T.);
#903=EDGE_CURVE('',#732,#748,#442,.T.);
#904=EDGE_CURVE('',#749,#732,#443,.T.);
#905=EDGE_CURVE('',#748,#746,#444,.T.);
#906=EDGE_CURVE('',#750,#751,#445,.T.);
#907=EDGE_CURVE('',#752,#750,#446,.T.);
#908=EDGE_CURVE('',#751,#752,#447,.T.);
#909=EDGE_CURVE('',#753,#754,#448,.T.);
#910=EDGE_CURVE('',#729,#753,#449,.T.);
#911=EDGE_CURVE('',#754,#729,#450,.T.);
#912=EDGE_CURVE('',#755,#751,#451,.T.);
#913=EDGE_CURVE('',#752,#756,#452,.T.);
#914=EDGE_CURVE('',#756,#755,#453,.T.);
#915=EDGE_CURVE('',#757,#707,#454,.T.);
#916=EDGE_CURVE('',#731,#757,#455,.T.);
#917=EDGE_CURVE('',#707,#731,#456,.T.);
#918=EDGE_CURVE('',#757,#749,#457,.T.);
#919=EDGE_CURVE('',#758,#759,#458,.T.);
#920=EDGE_CURVE('',#760,#758,#459,.T.);
#921=EDGE_CURVE('',#759,#760,#460,.T.);
#922=EDGE_CURVE('',#750,#760,#461,.T.);
#923=EDGE_CURVE('',#758,#752,#462,.T.);
#924=EDGE_CURVE('',#760,#748,#463,.T.);
#925=EDGE_CURVE('',#749,#759,#464,.T.);
#926=EDGE_CURVE('',#706,#761,#465,.T.);
#927=EDGE_CURVE('',#730,#706,#466,.T.);
#928=EDGE_CURVE('',#761,#730,#467,.T.);
#929=EDGE_CURVE('',#753,#761,#468,.T.);
#930=EDGE_CURVE('',#762,#763,#469,.T.);
#931=EDGE_CURVE('',#764,#762,#470,.T.);
#932=EDGE_CURVE('',#763,#764,#471,.T.);
#933=EDGE_CURVE('',#756,#764,#472,.T.);
#934=EDGE_CURVE('',#762,#755,#473,.T.);
#935=EDGE_CURVE('',#765,#709,#474,.T.);
#936=EDGE_CURVE('',#766,#765,#475,.T.);
#937=EDGE_CURVE('',#709,#766,#476,.T.);
#938=EDGE_CURVE('',#759,#766,#477,.T.);
#939=EDGE_CURVE('',#765,#758,#478,.T.);
#940=EDGE_CURVE('',#766,#757,#479,.T.);
#941=EDGE_CURVE('',#767,#768,#480,.T.);
#942=EDGE_CURVE('',#708,#767,#481,.T.);
#943=EDGE_CURVE('',#768,#708,#482,.T.);
#944=EDGE_CURVE('',#767,#765,#483,.T.);
#945=EDGE_CURVE('',#761,#768,#484,.T.);
#946=EDGE_CURVE('',#768,#763,#485,.T.);
#947=EDGE_CURVE('',#764,#767,#486,.T.);
#948=EDGE_CURVE('',#763,#753,#487,.T.);
#949=EDGE_CURVE('',#754,#762,#488,.T.);
#950=EDGE_CURVE('',#747,#754,#489,.T.);
#951=EDGE_CURVE('',#751,#745,#490,.T.);
#952=EDGE_CURVE('',#746,#750,#491,.T.);
#953=EDGE_CURVE('',#747,#755,#492,.T.);
#954=EDGE_CURVE('',#769,#769,#301,.T.);
#955=EDGE_CURVE('',#770,#694,#493,.T.);
#956=EDGE_CURVE('',#771,#770,#302,.T.);
#957=EDGE_CURVE('',#695,#771,#494,.T.);
#958=EDGE_CURVE('',#771,#772,#495,.T.);
#959=EDGE_CURVE('',#772,#701,#496,.T.);
#960=EDGE_CURVE('',#770,#773,#497,.T.);
#961=EDGE_CURVE('',#773,#772,#303,.T.);
#962=EDGE_CURVE('',#690,#773,#498,.T.);
#963=EDGE_CURVE('',#692,#703,#304,.T.);
#964=EDGE_CURVE('',#702,#693,#305,.T.);
#965=EDGE_CURVE('',#672,#669,#339,.T.);
#966=EDGE_CURVE('',#668,#673,#340,.T.);
#967=EDGE_CURVE('',#698,#677,#499,.T.);
#968=EDGE_CURVE('',#774,#676,#341,.T.);
#969=EDGE_CURVE('',#775,#774,#342,.T.);
#970=EDGE_CURVE('',#661,#775,#343,.T.);
#971=EDGE_CURVE('',#682,#660,#344,.T.);
#972=EDGE_CURVE('',#776,#681,#345,.T.);
#973=EDGE_CURVE('',#777,#776,#346,.T.);
#974=EDGE_CURVE('',#778,#777,#347,.T.);
#975=EDGE_CURVE('',#779,#778,#348,.T.);
#976=EDGE_CURVE('',#665,#779,#349,.T.);
#977=EDGE_CURVE('',#678,#664,#350,.T.);
#978=EDGE_CURVE('',#699,#742,#500,.T.);
#979=EDGE_CURVE('',#686,#684,#351,.T.);
#980=EDGE_CURVE('',#780,#683,#352,.F.);
#981=EDGE_CURVE('',#780,#685,#306,.T.);
#982=EDGE_CURVE('',#675,#671,#353,.T.);
#983=EDGE_CURVE('',#779,#670,#354,.F.);
#984=EDGE_CURVE('',#674,#778,#355,.F.);
#985=EDGE_CURVE('',#667,#663,#356,.F.);
#986=EDGE_CURVE('',#662,#666,#357,.T.);
#987=EDGE_CURVE('',#654,#658,#358,.T.);
#988=EDGE_CURVE('',#657,#780,#359,.T.);
#989=EDGE_CURVE('',#774,#777,#360,.T.);
#990=EDGE_CURVE('',#659,#655,#361,.F.);
#991=EDGE_CURVE('',#773,#781,#501,.T.);
#992=EDGE_CURVE('',#782,#781,#362,.T.);
#993=EDGE_CURVE('',#782,#693,#502,.T.);
#994=EDGE_CURVE('',#783,#702,#503,.T.);
#995=EDGE_CURVE('',#784,#783,#363,.T.);
#996=EDGE_CURVE('',#772,#784,#504,.T.);
#997=EDGE_CURVE('',#781,#782,#307,.T.);
#998=EDGE_CURVE('',#783,#784,#308,.T.);
#999=EDGE_CURVE('',#785,#785,#309,.T.);
#1000=EDGE_CURVE('',#785,#769,#505,.T.);
#1001=EDGE_CURVE('',#784,#740,#506,.T.);
#1002=EDGE_CURVE('',#735,#781,#507,.T.);
#1003=EDGE_CURVE('',#687,#656,#364,.T.);
#1004=EDGE_CURVE('',#776,#775,#365,.F.);
#1005=EDGE_CURVE('',#721,#743,#508,.T.);
#1006=EDGE_CURVE('',#714,#744,#509,.T.);
#1007=ORIENTED_EDGE('',*,*,#786,.T.);
#1008=ORIENTED_EDGE('',*,*,#787,.T.);
#1009=ORIENTED_EDGE('',*,*,#788,.T.);
#1010=ORIENTED_EDGE('',*,*,#789,.T.);
#1011=ORIENTED_EDGE('',*,*,#790,.F.);
#1012=ORIENTED_EDGE('',*,*,#791,.T.);
#1013=ORIENTED_EDGE('',*,*,#792,.T.);
#1014=ORIENTED_EDGE('',*,*,#793,.T.);
#1015=ORIENTED_EDGE('',*,*,#794,.T.);
#1016=ORIENTED_EDGE('',*,*,#795,.T.);
#1017=ORIENTED_EDGE('',*,*,#796,.T.);
#1018=ORIENTED_EDGE('',*,*,#797,.T.);
#1019=ORIENTED_EDGE('',*,*,#798,.F.);
#1020=ORIENTED_EDGE('',*,*,#799,.T.);
#1021=ORIENTED_EDGE('',*,*,#800,.F.);
#1022=ORIENTED_EDGE('',*,*,#801,.T.);
#1023=ORIENTED_EDGE('',*,*,#802,.T.);
#1024=ORIENTED_EDGE('',*,*,#803,.T.);
#1025=ORIENTED_EDGE('',*,*,#804,.F.);
#1026=ORIENTED_EDGE('',*,*,#805,.F.);
#1027=ORIENTED_EDGE('',*,*,#806,.F.);
#1028=ORIENTED_EDGE('',*,*,#807,.F.);
#1029=ORIENTED_EDGE('',*,*,#808,.T.);
#1030=ORIENTED_EDGE('',*,*,#809,.T.);
#1031=ORIENTED_EDGE('',*,*,#810,.T.);
#1032=ORIENTED_EDGE('',*,*,#811,.T.);
#1033=ORIENTED_EDGE('',*,*,#812,.T.);
#1034=ORIENTED_EDGE('',*,*,#813,.T.);
#1035=ORIENTED_EDGE('',*,*,#814,.F.);
#1036=ORIENTED_EDGE('',*,*,#815,.T.);
#1037=ORIENTED_EDGE('',*,*,#816,.T.);
#1038=ORIENTED_EDGE('',*,*,#811,.F.);
#1039=ORIENTED_EDGE('',*,*,#817,.F.);
#1040=ORIENTED_EDGE('',*,*,#818,.F.);
#1041=ORIENTED_EDGE('',*,*,#819,.T.);
#1042=ORIENTED_EDGE('',*,*,#820,.T.);
#1043=ORIENTED_EDGE('',*,*,#821,.T.);
#1044=ORIENTED_EDGE('',*,*,#822,.T.);
#1045=ORIENTED_EDGE('',*,*,#823,.T.);
#1046=ORIENTED_EDGE('',*,*,#824,.T.);
#1047=ORIENTED_EDGE('',*,*,#821,.F.);
#1048=ORIENTED_EDGE('',*,*,#825,.T.);
#1049=ORIENTED_EDGE('',*,*,#826,.F.);
#1050=ORIENTED_EDGE('',*,*,#827,.T.);
#1051=ORIENTED_EDGE('',*,*,#824,.F.);
#1052=ORIENTED_EDGE('',*,*,#828,.F.);
#1053=ORIENTED_EDGE('',*,*,#829,.T.);
#1054=ORIENTED_EDGE('',*,*,#830,.F.);
#1055=ORIENTED_EDGE('',*,*,#831,.F.);
#1056=ORIENTED_EDGE('',*,*,#832,.F.);
#1057=ORIENTED_EDGE('',*,*,#833,.T.);
#1058=ORIENTED_EDGE('',*,*,#834,.T.);
#1059=ORIENTED_EDGE('',*,*,#835,.T.);
#1060=ORIENTED_EDGE('',*,*,#831,.T.);
#1061=ORIENTED_EDGE('',*,*,#836,.T.);
#1062=ORIENTED_EDGE('',*,*,#837,.T.);
#1063=ORIENTED_EDGE('',*,*,#835,.F.);
#1064=ORIENTED_EDGE('',*,*,#838,.T.);
#1065=ORIENTED_EDGE('',*,*,#839,.T.);
#1066=ORIENTED_EDGE('',*,*,#840,.T.);
#1067=ORIENTED_EDGE('',*,*,#841,.T.);
#1068=ORIENTED_EDGE('',*,*,#842,.T.);
#1069=ORIENTED_EDGE('',*,*,#843,.T.);
#1070=ORIENTED_EDGE('',*,*,#842,.F.);
#1071=ORIENTED_EDGE('',*,*,#844,.F.);
#1072=ORIENTED_EDGE('',*,*,#845,.F.);
#1073=ORIENTED_EDGE('',*,*,#846,.F.);
#1074=ORIENTED_EDGE('',*,*,#847,.F.);
#1075=ORIENTED_EDGE('',*,*,#841,.F.);
#1076=ORIENTED_EDGE('',*,*,#843,.F.);
#1077=ORIENTED_EDGE('',*,*,#848,.T.);
#1078=ORIENTED_EDGE('',*,*,#849,.F.);
#1079=ORIENTED_EDGE('',*,*,#848,.F.);
#1080=ORIENTED_EDGE('',*,*,#850,.T.);
#1081=ORIENTED_EDGE('',*,*,#851,.T.);
#1082=ORIENTED_EDGE('',*,*,#852,.T.);
#1083=ORIENTED_EDGE('',*,*,#853,.F.);
#1084=ORIENTED_EDGE('',*,*,#854,.T.);
#1085=ORIENTED_EDGE('',*,*,#855,.T.);
#1086=ORIENTED_EDGE('',*,*,#856,.T.);
#1087=ORIENTED_EDGE('',*,*,#851,.F.);
#1088=ORIENTED_EDGE('',*,*,#857,.T.);
#1089=ORIENTED_EDGE('',*,*,#858,.T.);
#1090=ORIENTED_EDGE('',*,*,#859,.T.);
#1091=ORIENTED_EDGE('',*,*,#860,.T.);
#1092=ORIENTED_EDGE('',*,*,#861,.T.);
#1093=ORIENTED_EDGE('',*,*,#858,.F.);
#1094=ORIENTED_EDGE('',*,*,#862,.T.);
#1095=ORIENTED_EDGE('',*,*,#863,.T.);
#1096=ORIENTED_EDGE('',*,*,#864,.T.);
#1097=ORIENTED_EDGE('',*,*,#860,.F.);
#1098=ORIENTED_EDGE('',*,*,#865,.T.);
#1099=ORIENTED_EDGE('',*,*,#855,.F.);
#1100=ORIENTED_EDGE('',*,*,#866,.T.);
#1101=ORIENTED_EDGE('',*,*,#863,.F.);
#1102=ORIENTED_EDGE('',*,*,#867,.T.);
#1103=ORIENTED_EDGE('',*,*,#853,.T.);
#1104=ORIENTED_EDGE('',*,*,#856,.F.);
#1105=ORIENTED_EDGE('',*,*,#868,.T.);
#1106=ORIENTED_EDGE('',*,*,#869,.T.);
#1107=ORIENTED_EDGE('',*,*,#870,.F.);
#1108=ORIENTED_EDGE('',*,*,#865,.F.);
#1109=ORIENTED_EDGE('',*,*,#871,.T.);
#1110=ORIENTED_EDGE('',*,*,#872,.T.);
#1111=ORIENTED_EDGE('',*,*,#868,.F.);
#1112=ORIENTED_EDGE('',*,*,#849,.T.);
#1113=ORIENTED_EDGE('',*,*,#859,.F.);
#1114=ORIENTED_EDGE('',*,*,#873,.T.);
#1115=ORIENTED_EDGE('',*,*,#874,.T.);
#1116=ORIENTED_EDGE('',*,*,#871,.F.);
#1117=ORIENTED_EDGE('',*,*,#875,.F.);
#1118=ORIENTED_EDGE('',*,*,#876,.F.);
#1119=ORIENTED_EDGE('',*,*,#877,.F.);
#1120=ORIENTED_EDGE('',*,*,#878,.F.);
#1121=ORIENTED_EDGE('',*,*,#879,.F.);
#1122=ORIENTED_EDGE('',*,*,#880,.F.);
#1123=ORIENTED_EDGE('',*,*,#857,.F.);
#1124=ORIENTED_EDGE('',*,*,#864,.F.);
#1125=ORIENTED_EDGE('',*,*,#854,.F.);
#1126=ORIENTED_EDGE('',*,*,#850,.F.);
#1127=ORIENTED_EDGE('',*,*,#867,.F.);
#1128=ORIENTED_EDGE('',*,*,#862,.F.);
#1129=ORIENTED_EDGE('',*,*,#881,.T.);
#1130=ORIENTED_EDGE('',*,*,#882,.T.);
#1131=ORIENTED_EDGE('',*,*,#883,.T.);
#1132=ORIENTED_EDGE('',*,*,#882,.F.);
#1133=ORIENTED_EDGE('',*,*,#883,.F.);
#1134=ORIENTED_EDGE('',*,*,#884,.T.);
#1135=ORIENTED_EDGE('',*,*,#885,.T.);
#1136=ORIENTED_EDGE('',*,*,#886,.T.);
#1137=ORIENTED_EDGE('',*,*,#887,.T.);
#1138=ORIENTED_EDGE('',*,*,#888,.F.);
#1139=ORIENTED_EDGE('',*,*,#887,.F.);
#1140=ORIENTED_EDGE('',*,*,#889,.T.);
#1141=ORIENTED_EDGE('',*,*,#884,.F.);
#1142=ORIENTED_EDGE('',*,*,#890,.T.);
#1143=ORIENTED_EDGE('',*,*,#891,.T.);
#1144=ORIENTED_EDGE('',*,*,#892,.T.);
#1145=ORIENTED_EDGE('',*,*,#893,.T.);
#1146=ORIENTED_EDGE('',*,*,#872,.F.);
#1147=ORIENTED_EDGE('',*,*,#874,.F.);
#1148=ORIENTED_EDGE('',*,*,#894,.F.);
#1149=ORIENTED_EDGE('',*,*,#895,.F.);
#1150=ORIENTED_EDGE('',*,*,#896,.F.);
#1151=ORIENTED_EDGE('',*,*,#869,.F.);
#1152=ORIENTED_EDGE('',*,*,#881,.F.);
#1153=ORIENTED_EDGE('',*,*,#897,.F.);
#1154=ORIENTED_EDGE('',*,*,#898,.F.);
#1155=ORIENTED_EDGE('',*,*,#899,.F.);
#1156=ORIENTED_EDGE('',*,*,#875,.T.);
#1157=ORIENTED_EDGE('',*,*,#898,.T.);
#1158=ORIENTED_EDGE('',*,*,#900,.T.);
#1159=ORIENTED_EDGE('',*,*,#901,.T.);
#1160=ORIENTED_EDGE('',*,*,#902,.F.);
#1161=ORIENTED_EDGE('',*,*,#903,.F.);
#1162=ORIENTED_EDGE('',*,*,#904,.F.);
#1163=ORIENTED_EDGE('',*,*,#903,.T.);
#1164=ORIENTED_EDGE('',*,*,#905,.T.);
#1165=ORIENTED_EDGE('',*,*,#899,.T.);
#1166=ORIENTED_EDGE('',*,*,#880,.T.);
#1167=ORIENTED_EDGE('',*,*,#906,.F.);
#1168=ORIENTED_EDGE('',*,*,#907,.F.);
#1169=ORIENTED_EDGE('',*,*,#908,.F.);
#1170=ORIENTED_EDGE('',*,*,#909,.F.);
#1171=ORIENTED_EDGE('',*,*,#910,.F.);
#1172=ORIENTED_EDGE('',*,*,#911,.F.);
#1173=ORIENTED_EDGE('',*,*,#912,.T.);
#1174=ORIENTED_EDGE('',*,*,#908,.T.);
#1175=ORIENTED_EDGE('',*,*,#913,.T.);
#1176=ORIENTED_EDGE('',*,*,#914,.T.);
#1177=ORIENTED_EDGE('',*,*,#915,.F.);
#1178=ORIENTED_EDGE('',*,*,#916,.F.);
#1179=ORIENTED_EDGE('',*,*,#917,.F.);
#1180=ORIENTED_EDGE('',*,*,#916,.T.);
#1181=ORIENTED_EDGE('',*,*,#918,.T.);
#1182=ORIENTED_EDGE('',*,*,#904,.T.);
#1183=ORIENTED_EDGE('',*,*,#879,.T.);
#1184=ORIENTED_EDGE('',*,*,#919,.F.);
#1185=ORIENTED_EDGE('',*,*,#920,.F.);
#1186=ORIENTED_EDGE('',*,*,#921,.F.);
#1187=ORIENTED_EDGE('',*,*,#907,.T.);
#1188=ORIENTED_EDGE('',*,*,#922,.T.);
#1189=ORIENTED_EDGE('',*,*,#920,.T.);
#1190=ORIENTED_EDGE('',*,*,#923,.T.);
#1191=ORIENTED_EDGE('',*,*,#921,.T.);
#1192=ORIENTED_EDGE('',*,*,#924,.T.);
#1193=ORIENTED_EDGE('',*,*,#902,.T.);
#1194=ORIENTED_EDGE('',*,*,#925,.T.);
#1195=ORIENTED_EDGE('',*,*,#926,.F.);
#1196=ORIENTED_EDGE('',*,*,#927,.F.);
#1197=ORIENTED_EDGE('',*,*,#928,.F.);
#1198=ORIENTED_EDGE('',*,*,#927,.T.);
#1199=ORIENTED_EDGE('',*,*,#844,.T.);
#1200=ORIENTED_EDGE('',*,*,#917,.T.);
#1201=ORIENTED_EDGE('',*,*,#878,.T.);
#1202=ORIENTED_EDGE('',*,*,#910,.T.);
#1203=ORIENTED_EDGE('',*,*,#929,.T.);
#1204=ORIENTED_EDGE('',*,*,#928,.T.);
#1205=ORIENTED_EDGE('',*,*,#877,.T.);
#1206=ORIENTED_EDGE('',*,*,#930,.F.);
#1207=ORIENTED_EDGE('',*,*,#931,.F.);
#1208=ORIENTED_EDGE('',*,*,#932,.F.);
#1209=ORIENTED_EDGE('',*,*,#933,.T.);
#1210=ORIENTED_EDGE('',*,*,#931,.T.);
#1211=ORIENTED_EDGE('',*,*,#934,.T.);
#1212=ORIENTED_EDGE('',*,*,#914,.F.);
#1213=ORIENTED_EDGE('',*,*,#935,.F.);
#1214=ORIENTED_EDGE('',*,*,#936,.F.);
#1215=ORIENTED_EDGE('',*,*,#937,.F.);
#1216=ORIENTED_EDGE('',*,*,#919,.T.);
#1217=ORIENTED_EDGE('',*,*,#938,.T.);
#1218=ORIENTED_EDGE('',*,*,#936,.T.);
#1219=ORIENTED_EDGE('',*,*,#939,.T.);
#1220=ORIENTED_EDGE('',*,*,#937,.T.);
#1221=ORIENTED_EDGE('',*,*,#940,.T.);
#1222=ORIENTED_EDGE('',*,*,#915,.T.);
#1223=ORIENTED_EDGE('',*,*,#847,.T.);
#1224=ORIENTED_EDGE('',*,*,#941,.F.);
#1225=ORIENTED_EDGE('',*,*,#942,.F.);
#1226=ORIENTED_EDGE('',*,*,#943,.F.);
#1227=ORIENTED_EDGE('',*,*,#935,.T.);
#1228=ORIENTED_EDGE('',*,*,#846,.T.);
#1229=ORIENTED_EDGE('',*,*,#942,.T.);
#1230=ORIENTED_EDGE('',*,*,#944,.T.);
#1231=ORIENTED_EDGE('',*,*,#943,.T.);
#1232=ORIENTED_EDGE('',*,*,#845,.T.);
#1233=ORIENTED_EDGE('',*,*,#926,.T.);
#1234=ORIENTED_EDGE('',*,*,#945,.T.);
#1235=ORIENTED_EDGE('',*,*,#941,.T.);
#1236=ORIENTED_EDGE('',*,*,#946,.T.);
#1237=ORIENTED_EDGE('',*,*,#932,.T.);
#1238=ORIENTED_EDGE('',*,*,#947,.T.);
#1239=ORIENTED_EDGE('',*,*,#930,.T.);
#1240=ORIENTED_EDGE('',*,*,#948,.T.);
#1241=ORIENTED_EDGE('',*,*,#909,.T.);
#1242=ORIENTED_EDGE('',*,*,#949,.T.);
#1243=ORIENTED_EDGE('',*,*,#950,.T.);
#1244=ORIENTED_EDGE('',*,*,#911,.T.);
#1245=ORIENTED_EDGE('',*,*,#876,.T.);
#1246=ORIENTED_EDGE('',*,*,#901,.F.);
#1247=ORIENTED_EDGE('',*,*,#906,.T.);
#1248=ORIENTED_EDGE('',*,*,#951,.T.);
#1249=ORIENTED_EDGE('',*,*,#897,.T.);
#1250=ORIENTED_EDGE('',*,*,#952,.T.);
#1251=ORIENTED_EDGE('',*,*,#900,.F.);
#1252=ORIENTED_EDGE('',*,*,#951,.F.);
#1253=ORIENTED_EDGE('',*,*,#912,.F.);
#1254=ORIENTED_EDGE('',*,*,#953,.F.);
#1255=ORIENTED_EDGE('',*,*,#954,.T.);
#1256=ORIENTED_EDGE('',*,*,#913,.F.);
#1257=ORIENTED_EDGE('',*,*,#923,.F.);
#1258=ORIENTED_EDGE('',*,*,#939,.F.);
#1259=ORIENTED_EDGE('',*,*,#944,.F.);
#1260=ORIENTED_EDGE('',*,*,#947,.F.);
#1261=ORIENTED_EDGE('',*,*,#933,.F.);
#1262=ORIENTED_EDGE('',*,*,#829,.F.);
#1263=ORIENTED_EDGE('',*,*,#955,.F.);
#1264=ORIENTED_EDGE('',*,*,#956,.F.);
#1265=ORIENTED_EDGE('',*,*,#957,.F.);
#1266=ORIENTED_EDGE('',*,*,#918,.F.);
#1267=ORIENTED_EDGE('',*,*,#940,.F.);
#1268=ORIENTED_EDGE('',*,*,#938,.F.);
#1269=ORIENTED_EDGE('',*,*,#925,.F.);
#1270=ORIENTED_EDGE('',*,*,#922,.F.);
#1271=ORIENTED_EDGE('',*,*,#952,.F.);
#1272=ORIENTED_EDGE('',*,*,#905,.F.);
#1273=ORIENTED_EDGE('',*,*,#924,.F.);
#1274=ORIENTED_EDGE('',*,*,#929,.F.);
#1275=ORIENTED_EDGE('',*,*,#948,.F.);
#1276=ORIENTED_EDGE('',*,*,#946,.F.);
#1277=ORIENTED_EDGE('',*,*,#945,.F.);
#1278=ORIENTED_EDGE('',*,*,#830,.T.);
#1279=ORIENTED_EDGE('',*,*,#957,.T.);
#1280=ORIENTED_EDGE('',*,*,#958,.T.);
#1281=ORIENTED_EDGE('',*,*,#959,.T.);
#1282=ORIENTED_EDGE('',*,*,#836,.F.);
#1283=ORIENTED_EDGE('',*,*,#960,.T.);
#1284=ORIENTED_EDGE('',*,*,#961,.T.);
#1285=ORIENTED_EDGE('',*,*,#958,.F.);
#1286=ORIENTED_EDGE('',*,*,#956,.T.);
#1287=ORIENTED_EDGE('',*,*,#828,.T.);
#1288=ORIENTED_EDGE('',*,*,#823,.F.);
#1289=ORIENTED_EDGE('',*,*,#962,.T.);
#1290=ORIENTED_EDGE('',*,*,#960,.F.);
#1291=ORIENTED_EDGE('',*,*,#955,.T.);
#1292=ORIENTED_EDGE('',*,*,#826,.T.);
#1293=ORIENTED_EDGE('',*,*,#963,.T.);
#1294=ORIENTED_EDGE('',*,*,#839,.F.);
#1295=ORIENTED_EDGE('',*,*,#964,.T.);
#1296=ORIENTED_EDGE('',*,*,#840,.F.);
#1297=ORIENTED_EDGE('',*,*,#963,.F.);
#1298=ORIENTED_EDGE('',*,*,#825,.F.);
#1299=ORIENTED_EDGE('',*,*,#832,.T.);
#1300=ORIENTED_EDGE('',*,*,#965,.T.);
#1301=ORIENTED_EDGE('',*,*,#800,.T.);
#1302=ORIENTED_EDGE('',*,*,#966,.T.);
#1303=ORIENTED_EDGE('',*,*,#804,.T.);
#1304=ORIENTED_EDGE('',*,*,#833,.F.);
#1305=ORIENTED_EDGE('',*,*,#967,.T.);
#1306=ORIENTED_EDGE('',*,*,#808,.F.);
#1307=ORIENTED_EDGE('',*,*,#968,.F.);
#1308=ORIENTED_EDGE('',*,*,#969,.F.);
#1309=ORIENTED_EDGE('',*,*,#970,.F.);
#1310=ORIENTED_EDGE('',*,*,#792,.F.);
#1311=ORIENTED_EDGE('',*,*,#971,.F.);
#1312=ORIENTED_EDGE('',*,*,#813,.F.);
#1313=ORIENTED_EDGE('',*,*,#972,.F.);
#1314=ORIENTED_EDGE('',*,*,#973,.F.);
#1315=ORIENTED_EDGE('',*,*,#974,.F.);
#1316=ORIENTED_EDGE('',*,*,#975,.F.);
#1317=ORIENTED_EDGE('',*,*,#976,.F.);
#1318=ORIENTED_EDGE('',*,*,#796,.F.);
#1319=ORIENTED_EDGE('',*,*,#977,.F.);
#1320=ORIENTED_EDGE('',*,*,#809,.F.);
#1321=ORIENTED_EDGE('',*,*,#967,.F.);
#1322=ORIENTED_EDGE('',*,*,#834,.F.);
#1323=ORIENTED_EDGE('',*,*,#978,.T.);
#1324=ORIENTED_EDGE('',*,*,#892,.F.);
#1325=ORIENTED_EDGE('',*,*,#893,.F.);
#1326=ORIENTED_EDGE('',*,*,#978,.F.);
#1327=ORIENTED_EDGE('',*,*,#818,.T.);
#1328=ORIENTED_EDGE('',*,*,#979,.T.);
#1329=ORIENTED_EDGE('',*,*,#815,.F.);
#1330=ORIENTED_EDGE('',*,*,#980,.F.);
#1331=ORIENTED_EDGE('',*,*,#981,.T.);
#1332=ORIENTED_EDGE('',*,*,#806,.T.);
#1333=ORIENTED_EDGE('',*,*,#982,.T.);
#1334=ORIENTED_EDGE('',*,*,#802,.F.);
#1335=ORIENTED_EDGE('',*,*,#983,.F.);
#1336=ORIENTED_EDGE('',*,*,#975,.T.);
#1337=ORIENTED_EDGE('',*,*,#984,.F.);
#1338=ORIENTED_EDGE('',*,*,#977,.T.);
#1339=ORIENTED_EDGE('',*,*,#795,.F.);
#1340=ORIENTED_EDGE('',*,*,#985,.F.);
#1341=ORIENTED_EDGE('',*,*,#801,.F.);
#1342=ORIENTED_EDGE('',*,*,#965,.F.);
#1343=ORIENTED_EDGE('',*,*,#803,.F.);
#1344=ORIENTED_EDGE('',*,*,#982,.F.);
#1345=ORIENTED_EDGE('',*,*,#810,.F.);
#1346=ORIENTED_EDGE('',*,*,#976,.T.);
#1347=ORIENTED_EDGE('',*,*,#983,.T.);
#1348=ORIENTED_EDGE('',*,*,#805,.T.);
#1349=ORIENTED_EDGE('',*,*,#966,.F.);
#1350=ORIENTED_EDGE('',*,*,#799,.F.);
#1351=ORIENTED_EDGE('',*,*,#986,.F.);
#1352=ORIENTED_EDGE('',*,*,#797,.F.);
#1353=ORIENTED_EDGE('',*,*,#971,.T.);
#1354=ORIENTED_EDGE('',*,*,#791,.F.);
#1355=ORIENTED_EDGE('',*,*,#987,.F.);
#1356=ORIENTED_EDGE('',*,*,#789,.F.);
#1357=ORIENTED_EDGE('',*,*,#988,.T.);
#1358=ORIENTED_EDGE('',*,*,#980,.T.);
#1359=ORIENTED_EDGE('',*,*,#817,.T.);
#1360=ORIENTED_EDGE('',*,*,#814,.T.);
#1361=ORIENTED_EDGE('',*,*,#968,.T.);
#1362=ORIENTED_EDGE('',*,*,#807,.T.);
#1363=ORIENTED_EDGE('',*,*,#984,.T.);
#1364=ORIENTED_EDGE('',*,*,#974,.T.);
#1365=ORIENTED_EDGE('',*,*,#989,.F.);
#1366=ORIENTED_EDGE('',*,*,#798,.T.);
#1367=ORIENTED_EDGE('',*,*,#985,.T.);
#1368=ORIENTED_EDGE('',*,*,#794,.F.);
#1369=ORIENTED_EDGE('',*,*,#986,.T.);
#1370=ORIENTED_EDGE('',*,*,#790,.T.);
#1371=ORIENTED_EDGE('',*,*,#990,.T.);
#1372=ORIENTED_EDGE('',*,*,#786,.F.);
#1373=ORIENTED_EDGE('',*,*,#987,.T.);
#1374=ORIENTED_EDGE('',*,*,#961,.F.);
#1375=ORIENTED_EDGE('',*,*,#991,.T.);
#1376=ORIENTED_EDGE('',*,*,#992,.F.);
#1377=ORIENTED_EDGE('',*,*,#993,.T.);
#1378=ORIENTED_EDGE('',*,*,#964,.F.);
#1379=ORIENTED_EDGE('',*,*,#994,.F.);
#1380=ORIENTED_EDGE('',*,*,#995,.F.);
#1381=ORIENTED_EDGE('',*,*,#996,.F.);
#1382=ORIENTED_EDGE('',*,*,#822,.F.);
#1383=ORIENTED_EDGE('',*,*,#827,.F.);
#1384=ORIENTED_EDGE('',*,*,#993,.F.);
#1385=ORIENTED_EDGE('',*,*,#997,.F.);
#1386=ORIENTED_EDGE('',*,*,#991,.F.);
#1387=ORIENTED_EDGE('',*,*,#962,.F.);
#1388=ORIENTED_EDGE('',*,*,#837,.F.);
#1389=ORIENTED_EDGE('',*,*,#959,.F.);
#1390=ORIENTED_EDGE('',*,*,#996,.T.);
#1391=ORIENTED_EDGE('',*,*,#998,.F.);
#1392=ORIENTED_EDGE('',*,*,#994,.T.);
#1393=ORIENTED_EDGE('',*,*,#838,.F.);
#1394=ORIENTED_EDGE('',*,*,#999,.F.);
#1395=ORIENTED_EDGE('',*,*,#1000,.T.);
#1396=ORIENTED_EDGE('',*,*,#954,.F.);
#1397=ORIENTED_EDGE('',*,*,#1000,.F.);
#1398=ORIENTED_EDGE('',*,*,#998,.T.);
#1399=ORIENTED_EDGE('',*,*,#1001,.T.);
#1400=ORIENTED_EDGE('',*,*,#890,.F.);
#1401=ORIENTED_EDGE('',*,*,#891,.F.);
#1402=ORIENTED_EDGE('',*,*,#1001,.F.);
#1403=ORIENTED_EDGE('',*,*,#995,.T.);
#1404=ORIENTED_EDGE('',*,*,#886,.F.);
#1405=ORIENTED_EDGE('',*,*,#885,.F.);
#1406=ORIENTED_EDGE('',*,*,#1002,.T.);
#1407=ORIENTED_EDGE('',*,*,#997,.T.);
#1408=ORIENTED_EDGE('',*,*,#992,.T.);
#1409=ORIENTED_EDGE('',*,*,#1002,.F.);
#1410=ORIENTED_EDGE('',*,*,#889,.F.);
#1411=ORIENTED_EDGE('',*,*,#888,.T.);
#1412=ORIENTED_EDGE('',*,*,#981,.F.);
#1413=ORIENTED_EDGE('',*,*,#988,.F.);
#1414=ORIENTED_EDGE('',*,*,#788,.F.);
#1415=ORIENTED_EDGE('',*,*,#1003,.F.);
#1416=ORIENTED_EDGE('',*,*,#819,.F.);
#1417=ORIENTED_EDGE('',*,*,#969,.T.);
#1418=ORIENTED_EDGE('',*,*,#989,.T.);
#1419=ORIENTED_EDGE('',*,*,#973,.T.);
#1420=ORIENTED_EDGE('',*,*,#1004,.T.);
#1421=ORIENTED_EDGE('',*,*,#970,.T.);
#1422=ORIENTED_EDGE('',*,*,#1004,.F.);
#1423=ORIENTED_EDGE('',*,*,#972,.T.);
#1424=ORIENTED_EDGE('',*,*,#812,.F.);
#1425=ORIENTED_EDGE('',*,*,#816,.F.);
#1426=ORIENTED_EDGE('',*,*,#979,.F.);
#1427=ORIENTED_EDGE('',*,*,#820,.F.);
#1428=ORIENTED_EDGE('',*,*,#1003,.T.);
#1429=ORIENTED_EDGE('',*,*,#787,.F.);
#1430=ORIENTED_EDGE('',*,*,#990,.F.);
#1431=ORIENTED_EDGE('',*,*,#793,.F.);
#1432=ORIENTED_EDGE('',*,*,#861,.F.);
#1433=ORIENTED_EDGE('',*,*,#1005,.T.);
#1434=ORIENTED_EDGE('',*,*,#894,.T.);
#1435=ORIENTED_EDGE('',*,*,#873,.F.);
#1436=ORIENTED_EDGE('',*,*,#866,.F.);
#1437=ORIENTED_EDGE('',*,*,#1006,.T.);
#1438=ORIENTED_EDGE('',*,*,#895,.T.);
#1439=ORIENTED_EDGE('',*,*,#1005,.F.);
#1440=ORIENTED_EDGE('',*,*,#999,.T.);
#1441=ORIENTED_EDGE('',*,*,#852,.F.);
#1442=ORIENTED_EDGE('',*,*,#870,.T.);
#1443=ORIENTED_EDGE('',*,*,#896,.T.);
#1444=ORIENTED_EDGE('',*,*,#1006,.F.);
#1445=ORIENTED_EDGE('',*,*,#950,.F.);
#1446=ORIENTED_EDGE('',*,*,#953,.T.);
#1447=ORIENTED_EDGE('',*,*,#934,.F.);
#1448=ORIENTED_EDGE('',*,*,#949,.F.);
#1449=CYLINDRICAL_SURFACE('',#1575,2.65778);
#1450=CYLINDRICAL_SURFACE('',#1577,2.65778);
#1451=CYLINDRICAL_SURFACE('',#1578,2.65778);
#1452=CYLINDRICAL_SURFACE('',#1579,2.65778);
#1453=CYLINDRICAL_SURFACE('',#1581,3.275);
#1454=CYLINDRICAL_SURFACE('',#1583,3.275);
#1455=CYLINDRICAL_SURFACE('',#1584,3.275);
#1456=CYLINDRICAL_SURFACE('',#1585,3.275);
#1457=CYLINDRICAL_SURFACE('',#1586,3.275);
#1458=CYLINDRICAL_SURFACE('',#1599,1.25);
#1459=CYLINDRICAL_SURFACE('',#1614,3.35);
#1460=CYLINDRICAL_SURFACE('',#1659,1.25);
#1461=CYLINDRICAL_SURFACE('',#1660,1.25);
#1462=CYLINDRICAL_SURFACE('',#1661,3.275);
#1463=CYLINDRICAL_SURFACE('',#1663,3.275);
#1464=CYLINDRICAL_SURFACE('',#1664,2.65778);
#1465=CYLINDRICAL_SURFACE('',#1665,2.65778);
#1466=CYLINDRICAL_SURFACE('',#1666,6.);
#1467=CYLINDRICAL_SURFACE('',#1671,1.25);
#1468=CYLINDRICAL_SURFACE('',#1673,1.25);
#1469=CYLINDRICAL_SURFACE('',#1674,1.25);
#1470=CYLINDRICAL_SURFACE('',#1676,2.65778);
#1471=ADVANCED_FACE('',(#96),#1449,.F.);
#1472=ADVANCED_FACE('',(#97),#1450,.F.);
#1473=ADVANCED_FACE('',(#98),#1451,.F.);
#1474=ADVANCED_FACE('',(#99),#1452,.F.);
#1475=ADVANCED_FACE('',(#100),#1453,.F.);
#1476=ADVANCED_FACE('',(#101),#1454,.F.);
#1477=ADVANCED_FACE('',(#102),#1455,.F.);
#1478=ADVANCED_FACE('',(#103),#1456,.F.);
#1479=ADVANCED_FACE('',(#104),#1457,.F.);
#1480=ADVANCED_FACE('',(#105),#37,.T.);
#1481=ADVANCED_FACE('',(#106),#38,.T.);
#1482=ADVANCED_FACE('',(#107,#24,#25),#39,.F.);
#1483=ADVANCED_FACE('',(#108),#40,.T.);
#1484=ADVANCED_FACE('',(#109),#41,.T.);
#1485=ADVANCED_FACE('',(#110),#20,.F.);
#1486=ADVANCED_FACE('',(#111,#26),#42,.T.);
#1487=ADVANCED_FACE('',(#112),#1458,.F.);
#1488=ADVANCED_FACE('',(#113),#43,.T.);
#1489=ADVANCED_FACE('',(#114),#44,.T.);
#1490=ADVANCED_FACE('',(#115),#45,.T.);
#1491=ADVANCED_FACE('',(#116),#46,.T.);
#1492=ADVANCED_FACE('',(#117),#47,.T.);
#1493=ADVANCED_FACE('',(#118),#48,.T.);
#1494=ADVANCED_FACE('',(#119),#49,.F.);
#1495=ADVANCED_FACE('',(#120,#27),#50,.F.);
#1496=ADVANCED_FACE('',(#121),#51,.F.);
#1497=ADVANCED_FACE('',(#122,#28),#52,.F.);
#1498=ADVANCED_FACE('',(#123),#21,.F.);
#1499=ADVANCED_FACE('',(#124,#29,#30),#1459,.F.);
#1500=ADVANCED_FACE('',(#125,#31),#53,.F.);
#1501=ADVANCED_FACE('',(#126),#54,.T.);
#1502=ADVANCED_FACE('',(#127),#55,.T.);
#1503=ADVANCED_FACE('',(#128),#56,.T.);
#1504=ADVANCED_FACE('',(#129),#57,.T.);
#1505=ADVANCED_FACE('',(#130),#58,.T.);
#1506=ADVANCED_FACE('',(#131),#59,.T.);
#1507=ADVANCED_FACE('',(#132),#60,.T.);
#1508=ADVANCED_FACE('',(#133),#61,.T.);
#1509=ADVANCED_FACE('',(#134),#62,.T.);
#1510=ADVANCED_FACE('',(#135),#63,.T.);
#1511=ADVANCED_FACE('',(#136),#64,.T.);
#1512=ADVANCED_FACE('',(#137),#65,.T.);
#1513=ADVANCED_FACE('',(#138),#66,.T.);
#1514=ADVANCED_FACE('',(#139),#67,.T.);
#1515=ADVANCED_FACE('',(#140),#68,.T.);
#1516=ADVANCED_FACE('',(#141),#69,.T.);
#1517=ADVANCED_FACE('',(#142),#70,.T.);
#1518=ADVANCED_FACE('',(#143),#71,.T.);
#1519=ADVANCED_FACE('',(#144),#72,.T.);
#1520=ADVANCED_FACE('',(#145),#73,.T.);
#1521=ADVANCED_FACE('',(#146),#74,.T.);
#1522=ADVANCED_FACE('',(#147),#75,.T.);
#1523=ADVANCED_FACE('',(#148),#76,.T.);
#1524=ADVANCED_FACE('',(#149),#77,.T.);
#1525=ADVANCED_FACE('',(#150),#78,.T.);
#1526=ADVANCED_FACE('',(#151),#79,.T.);
#1527=ADVANCED_FACE('',(#152),#80,.T.);
#1528=ADVANCED_FACE('',(#153,#32),#81,.T.);
#1529=ADVANCED_FACE('',(#154,#33),#82,.F.);
#1530=ADVANCED_FACE('',(#155),#83,.T.);
#1531=ADVANCED_FACE('',(#156),#84,.T.);
#1532=ADVANCED_FACE('',(#157),#85,.T.);
#1533=ADVANCED_FACE('',(#158),#86,.T.);
#1534=ADVANCED_FACE('',(#159),#22,.T.);
#1535=ADVANCED_FACE('',(#160),#87,.T.);
#1536=ADVANCED_FACE('',(#161),#23,.T.);
#1537=ADVANCED_FACE('',(#162,#34),#88,.T.);
#1538=ADVANCED_FACE('',(#163),#1460,.F.);
#1539=ADVANCED_FACE('',(#164),#1461,.F.);
#1540=ADVANCED_FACE('',(#165),#1462,.F.);
#1541=ADVANCED_FACE('',(#166),#1463,.F.);
#1542=ADVANCED_FACE('',(#167),#15,.F.);
#1543=ADVANCED_FACE('',(#168),#16,.F.);
#1544=ADVANCED_FACE('',(#169),#17,.F.);
#1545=ADVANCED_FACE('',(#170),#18,.F.);
#1546=ADVANCED_FACE('',(#171),#1464,.F.);
#1547=ADVANCED_FACE('',(#172),#1465,.F.);
#1548=ADVANCED_FACE('',(#173),#1466,.T.);
#1549=ADVANCED_FACE('',(#174),#89,.F.);
#1550=ADVANCED_FACE('',(#175),#90,.F.);
#1551=ADVANCED_FACE('',(#176),#1467,.F.);
#1552=ADVANCED_FACE('',(#177),#1468,.F.);
#1553=ADVANCED_FACE('',(#178),#1469,.F.);
#1554=ADVANCED_FACE('',(#179,#35),#91,.F.);
#1555=ADVANCED_FACE('',(#180),#1470,.F.);
#1556=ADVANCED_FACE('',(#181),#19,.F.);
#1557=ADVANCED_FACE('',(#182),#92,.F.);
#1558=ADVANCED_FACE('',(#183,#36),#93,.F.);
#1559=ADVANCED_FACE('',(#184),#94,.F.);
#1560=ADVANCED_FACE('',(#185),#95,.T.);
#1561=CLOSED_SHELL('',(#1471,#1472,#1473,#1474,#1475,#1476,#1477,#1478,
#1479,#1480,#1481,#1482,#1483,#1484,#1485,#1486,#1487,#1488,#1489,#1490,
#1491,#1492,#1493,#1494,#1495,#1496,#1497,#1498,#1499,#1500,#1501,#1502,
#1503,#1504,#1505,#1506,#1507,#1508,#1509,#1510,#1511,#1512,#1513,#1514,
#1515,#1516,#1517,#1518,#1519,#1520,#1521,#1522,#1523,#1524,#1525,#1526,
#1527,#1528,#1529,#1530,#1531,#1532,#1533,#1534,#1535,#1536,#1537,#1538,
#1539,#1540,#1541,#1542,#1543,#1544,#1545,#1546,#1547,#1548,#1549,#1550,
#1551,#1552,#1553,#1554,#1555,#1556,#1557,#1558,#1559,#1560));
#1562=DERIVED_UNIT_ELEMENT(#1564,1.);
#1563=DERIVED_UNIT_ELEMENT(#3884,-3.);
#1564=(
MASS_UNIT()
NAMED_UNIT(*)
SI_UNIT(.KILO.,.GRAM.)
);
#1565=DERIVED_UNIT((#1562,#1563));
#1566=MEASURE_REPRESENTATION_ITEM('density measure',
POSITIVE_RATIO_MEASURE(7850.),#1565);
#1567=PROPERTY_DEFINITION_REPRESENTATION(#1572,#1569);
#1568=PROPERTY_DEFINITION_REPRESENTATION(#1573,#1570);
#1569=REPRESENTATION('material name',(#1571),#3881);
#1570=REPRESENTATION('density',(#1566),#3881);
#1571=DESCRIPTIVE_REPRESENTATION_ITEM('Steel','Steel');
#1572=PROPERTY_DEFINITION('material property','material name',#3891);
#1573=PROPERTY_DEFINITION('material property','density of part',#3891);
#1574=AXIS2_PLACEMENT_3D('',#2039,#1681,#1682);
#1575=AXIS2_PLACEMENT_3D('',#2040,#1683,#1684);
#1576=AXIS2_PLACEMENT_3D('',#2062,#1686,#1687);
#1577=AXIS2_PLACEMENT_3D('',#2082,#1688,#1689);
#1578=AXIS2_PLACEMENT_3D('',#2108,#1691,#1692);
#1579=AXIS2_PLACEMENT_3D('',#2170,#1694,#1695);
#1580=AXIS2_PLACEMENT_3D('',#2183,#1697,#1698);
#1581=AXIS2_PLACEMENT_3D('',#2194,#1699,#1700);
#1582=AXIS2_PLACEMENT_3D('',#2213,#1702,#1703);
#1583=AXIS2_PLACEMENT_3D('',#2239,#1704,#1705);
#1584=AXIS2_PLACEMENT_3D('',#2298,#1707,#1708);
#1585=AXIS2_PLACEMENT_3D('',#2325,#1710,#1711);
#1586=AXIS2_PLACEMENT_3D('',#2388,#1713,#1714);
#1587=AXIS2_PLACEMENT_3D('',#2393,#1716,#1717);
#1588=AXIS2_PLACEMENT_3D('',#2401,#1718,#1719);
#1589=AXIS2_PLACEMENT_3D('',#2410,#1724,#1725);
#1590=AXIS2_PLACEMENT_3D('',#2416,#1729,#1730);
#1591=AXIS2_PLACEMENT_3D('',#2427,#1736,#1737);
#1592=AXIS2_PLACEMENT_3D('',#2429,#1738,#1739);
#1593=AXIS2_PLACEMENT_3D('',#2430,#1740,#1741);
#1594=AXIS2_PLACEMENT_3D('',#2436,#1745,#1746);
#1595=AXIS2_PLACEMENT_3D('',#2442,#1750,#1751);
#1596=AXIS2_PLACEMENT_3D('',#2444,#1752,#1753);
#1597=AXIS2_PLACEMENT_3D('',#2447,#1755,#1756);
#1598=AXIS2_PLACEMENT_3D('',#2448,#1757,#1758);
#1599=AXIS2_PLACEMENT_3D('',#2457,#1763,#1764);
#1600=AXIS2_PLACEMENT_3D('',#2460,#1766,#1767);
#1601=AXIS2_PLACEMENT_3D('',#2461,#1768,#1769);
#1602=AXIS2_PLACEMENT_3D('',#2470,#1774,#1775);
#1603=AXIS2_PLACEMENT_3D('',#2476,#1779,#1780);
#1604=AXIS2_PLACEMENT_3D('',#2485,#1785,#1786);
#1605=AXIS2_PLACEMENT_3D('',#2491,#1790,#1791);
#1606=AXIS2_PLACEMENT_3D('',#2494,#1794,#1795);
#1607=AXIS2_PLACEMENT_3D('',#2497,#1798,#1799);
#1608=AXIS2_PLACEMENT_3D('',#2503,#1803,#1804);
#1609=AXIS2_PLACEMENT_3D('',#2507,#1807,#1808);
#1610=AXIS2_PLACEMENT_3D('',#2511,#1811,#1812);
#1611=AXIS2_PLACEMENT_3D('',#2524,#1819,#1820);
#1612=AXIS2_PLACEMENT_3D('',#2526,#1821,#1822);
#1613=AXIS2_PLACEMENT_3D('',#2529,#1824,#1825);
#1614=AXIS2_PLACEMENT_3D('',#2530,#1826,#1827);
#1615=AXIS2_PLACEMENT_3D('',#2557,#1830,#1831);
#1616=AXIS2_PLACEMENT_3D('',#2652,#1832,#1833);
#1617=AXIS2_PLACEMENT_3D('',#2658,#1837,#1838);
#1618=AXIS2_PLACEMENT_3D('',#2664,#1842,#1843);
#1619=AXIS2_PLACEMENT_3D('',#2668,#1846,#1847);
#1620=AXIS2_PLACEMENT_3D('',#2674,#1851,#1852);
#1621=AXIS2_PLACEMENT_3D('',#2676,#1854,#1855);
#1622=AXIS2_PLACEMENT_3D('',#2683,#1859,#1860);
#1623=AXIS2_PLACEMENT_3D('',#2689,#1864,#1865);
#1624=AXIS2_PLACEMENT_3D('',#2695,#1869,#1870);
#1625=AXIS2_PLACEMENT_3D('',#2700,#1874,#1875);
#1626=AXIS2_PLACEMENT_3D('',#2702,#1877,#1878);
#1627=AXIS2_PLACEMENT_3D('',#2709,#1882,#1883);
#1628=AXIS2_PLACEMENT_3D('',#2712,#1886,#1887);
#1629=AXIS2_PLACEMENT_3D('',#2715,#1890,#1891);
#1630=AXIS2_PLACEMENT_3D('',#2720,#1895,#1896);
#1631=AXIS2_PLACEMENT_3D('',#2721,#1897,#1898);
#1632=AXIS2_PLACEMENT_3D('',#2723,#1900,#1901);
#1633=AXIS2_PLACEMENT_3D('',#2730,#1905,#1906);
#1634=AXIS2_PLACEMENT_3D('',#2733,#1909,#1910);
#1635=AXIS2_PLACEMENT_3D('',#2739,#1914,#1915);
#1636=AXIS2_PLACEMENT_3D('',#2742,#1918,#1919);
#1637=AXIS2_PLACEMENT_3D('',#2744,#1921,#1922);
#1638=AXIS2_PLACEMENT_3D('',#2750,#1926,#1927);
#1639=AXIS2_PLACEMENT_3D('',#2752,#1929,#1930);
#1640=AXIS2_PLACEMENT_3D('',#2754,#1932,#1933);
#1641=AXIS2_PLACEMENT_3D('',#2757,#1936,#1937);
#1642=AXIS2_PLACEMENT_3D('',#2760,#1940,#1941);
#1643=AXIS2_PLACEMENT_3D('',#2762,#1943,#1944);
#1644=AXIS2_PLACEMENT_3D('',#2765,#1947,#1948);
#1645=AXIS2_PLACEMENT_3D('',#2768,#1950,#1951);
#1646=AXIS2_PLACEMENT_3D('',#2769,#1952,#1953);
#1647=AXIS2_PLACEMENT_3D('',#2773,#1955,#1956);
#1648=AXIS2_PLACEMENT_3D('',#2775,#1958,#1959);
#1649=AXIS2_PLACEMENT_3D('',#2776,#1960,#1961);
#1650=AXIS2_PLACEMENT_3D('',#2777,#1962,#1963);
#1651=AXIS2_PLACEMENT_3D('',#2778,#1964,#1965);
#1652=AXIS2_PLACEMENT_3D('',#2782,#1968,#1969);
#1653=AXIS2_PLACEMENT_3D('',#2785,#1971,#1972);
#1654=AXIS2_PLACEMENT_3D('',#2786,#1973,#1974);
#1655=AXIS2_PLACEMENT_3D('',#2788,#1976,#1977);
#1656=AXIS2_PLACEMENT_3D('',#2789,#1978,#1979);
#1657=AXIS2_PLACEMENT_3D('',#2790,#1980,#1981);
#1658=AXIS2_PLACEMENT_3D('',#2791,#1982,#1983);
#1659=AXIS2_PLACEMENT_3D('',#2868,#1984,#1985);
#1660=AXIS2_PLACEMENT_3D('',#3037,#1987,#1988);
#1661=AXIS2_PLACEMENT_3D('',#3039,#1990,#1991);
#1662=AXIS2_PLACEMENT_3D('',#3094,#1992,#1993);
#1663=AXIS2_PLACEMENT_3D('',#3095,#1994,#1995);
#1664=AXIS2_PLACEMENT_3D('',#3575,#1996,#1997);
#1665=AXIS2_PLACEMENT_3D('',#3576,#1998,#1999);
#1666=AXIS2_PLACEMENT_3D('',#3608,#2000,#2001);
#1667=AXIS2_PLACEMENT_3D('',#3653,#2006,#2007);
#1668=AXIS2_PLACEMENT_3D('',#3654,#2008,#2009);
#1669=AXIS2_PLACEMENT_3D('',#3655,#2010,#2011);
#1670=AXIS2_PLACEMENT_3D('',#3656,#2012,#2013);
#1671=AXIS2_PLACEMENT_3D('',#3657,#2014,#2015);
#1672=AXIS2_PLACEMENT_3D('',#3659,#2016,#2017);
#1673=AXIS2_PLACEMENT_3D('',#3661,#2019,#2020);
#1674=AXIS2_PLACEMENT_3D('',#3663,#2022,#2023);
#1675=AXIS2_PLACEMENT_3D('',#3665,#2025,#2026);
#1676=AXIS2_PLACEMENT_3D('',#3736,#2027,#2028);
#1677=AXIS2_PLACEMENT_3D('',#3873,#2029,#2030);
#1678=AXIS2_PLACEMENT_3D('',#3875,#2032,#2033);
#1679=AXIS2_PLACEMENT_3D('',#3877,#2035,#2036);
#1680=AXIS2_PLACEMENT_3D('',#3878,#2037,#2038);
#1681=DIRECTION('axis',(0.,0.,1.));
#1682=DIRECTION('refdir',(1.,0.,0.));
#1683=DIRECTION('center_axis',(0.,1.,0.));
#1684=DIRECTION('ref_axis',(1.,0.,0.));
#1685=DIRECTION('',(0.,-1.,0.));
#1686=DIRECTION('center_axis',(0.,1.,0.));
#1687=DIRECTION('ref_axis',(1.,0.,0.));
#1688=DIRECTION('center_axis',(0.,1.,0.));
#1689=DIRECTION('ref_axis',(-0.803995054486835,0.,0.594635983069232));
#1690=DIRECTION('',(0.,-1.,0.));
#1691=DIRECTION('center_axis',(0.,1.,0.));
#1692=DIRECTION('ref_axis',(1.,0.,0.));
#1693=DIRECTION('',(0.,-1.,0.));
#1694=DIRECTION('center_axis',(0.,1.,0.));
#1695=DIRECTION('ref_axis',(1.,0.,0.));
#1696=DIRECTION('',(0.,-1.,0.));
#1697=DIRECTION('center_axis',(0.,1.,0.));
#1698=DIRECTION('ref_axis',(1.,0.,0.));
#1699=DIRECTION('center_axis',(0.,1.,0.));
#1700=DIRECTION('ref_axis',(1.,0.,5.29233111422633E-14));
#1701=DIRECTION('',(1.22464679914735E-16,1.,6.4662387612386E-30));
#1702=DIRECTION('center_axis',(0.,-1.,0.));
#1703=DIRECTION('ref_axis',(1.,0.,5.29233111422633E-14));
#1704=DIRECTION('center_axis',(0.,1.,0.));
#1705=DIRECTION('ref_axis',(1.,0.,5.29233111422633E-14));
#1706=DIRECTION('',(1.22464679914735E-16,1.,6.4662387612386E-30));
#1707=DIRECTION('center_axis',(0.,1.,0.));
#1708=DIRECTION('ref_axis',(1.,0.,5.29233111422633E-14));
#1709=DIRECTION('',(1.22464679914735E-16,1.,6.4662387612386E-30));
#1710=DIRECTION('center_axis',(0.,1.,0.));
#1711=DIRECTION('ref_axis',(1.,0.,5.29233111422633E-14));
#1712=DIRECTION('',(1.22464679914735E-16,1.,6.4662387612386E-30));
#1713=DIRECTION('center_axis',(0.,1.,0.));
#1714=DIRECTION('ref_axis',(1.,0.,5.29233111422633E-14));
#1715=DIRECTION('',(1.22464679914735E-16,1.,6.4662387612386E-30));
#1716=DIRECTION('center_axis',(0.,-1.,0.));
#1717=DIRECTION('ref_axis',(1.,0.,5.29233111422633E-14));
#1718=DIRECTION('center_axis',(-0.707106781186548,0.,0.707106781186548));
#1719=DIRECTION('ref_axis',(0.707106781186548,0.,0.707106781186548));
#1720=DIRECTION('',(-0.577350269189627,-0.577350269189624,-0.577350269189627));
#1721=DIRECTION('',(0.,-1.,0.));
#1722=DIRECTION('',(-0.577350269189626,-0.577350269189626,-0.577350269189626));
#1723=DIRECTION('',(0.,1.,0.));
#1724=DIRECTION('center_axis',(-0.707106781186546,0.707106781186549,-1.12149461334555E-16));
#1725=DIRECTION('ref_axis',(-1.58603289232165E-16,0.,1.));
#1726=DIRECTION('',(1.58603289232165E-16,0.,-1.));
#1727=DIRECTION('',(0.70710678118655,0.707106781186545,1.23508159364946E-15));
#1728=DIRECTION('',(-1.58603289232165E-16,0.,1.));
#1729=DIRECTION('center_axis',(3.70074341541719E-16,0.,-1.));
#1730=DIRECTION('ref_axis',(-1.,0.,-3.70074341541719E-16));
#1731=DIRECTION('',(0.707106781186548,0.707106781186548,2.61682076447296E-16));
#1732=DIRECTION('',(1.,0.,3.70074341541719E-16));
#1733=DIRECTION('',(0.707106781186548,-0.707106781186548,2.61682076447296E-16));
#1734=DIRECTION('',(0.,-1.,0.));
#1735=DIRECTION('',(1.,0.,3.70074341541719E-16));
#1736=DIRECTION('center_axis',(3.70074341541719E-16,0.,-1.));
#1737=DIRECTION('ref_axis',(-1.,0.,-3.70074341541719E-16));
#1738=DIRECTION('center_axis',(3.70074341541719E-16,0.,-1.));
#1739=DIRECTION('ref_axis',(-1.,0.,-3.70074341541719E-16));
#1740=DIRECTION('center_axis',(0.707106781186548,0.,0.707106781186548));
#1741=DIRECTION('ref_axis',(0.707106781186548,0.,-0.707106781186548));
#1742=DIRECTION('',(-0.577350269189627,0.577350269189624,0.577350269189627));
#1743=DIRECTION('',(-0.577350269189626,0.577350269189626,0.577350269189626));
#1744=DIRECTION('',(0.,1.,0.));
#1745=DIRECTION('center_axis',(0.707106781186546,0.707106781186549,3.36448384003665E-16));
#1746=DIRECTION('ref_axis',(4.75809867696495E-16,0.,-1.));
#1747=DIRECTION('',(4.75809867696495E-16,0.,-1.));
#1748=DIRECTION('',(-0.707106781186549,0.707106781186546,-3.36448384003667E-16));
#1749=DIRECTION('',(-4.75809867696495E-16,0.,1.));
#1750=DIRECTION('center_axis',(1.,0.,2.88444402957534E-16));
#1751=DIRECTION('ref_axis',(0.,1.,0.));
#1752=DIRECTION('center_axis',(1.,0.,2.88444402957534E-16));
#1753=DIRECTION('ref_axis',(0.,1.,0.));
#1754=DIRECTION('',(-0.707106781186547,0.707106781186548,-1.17365387703028E-16));
#1755=DIRECTION('center_axis',(-1.,0.,-2.88444402957534E-16));
#1756=DIRECTION('ref_axis',(0.,1.,0.));
#1757=DIRECTION('center_axis',(1.,0.,2.88444402957534E-16));
#1758=DIRECTION('ref_axis',(2.88444402957534E-16,0.,-1.));
#1759=DIRECTION('',(-2.88444402957534E-16,0.,1.));
#1760=DIRECTION('',(0.,-1.,0.));
#1761=DIRECTION('',(2.88444402957534E-16,0.,-1.));
#1762=DIRECTION('',(0.,1.,0.));
#1763=DIRECTION('center_axis',(-1.,0.,-3.20493781063927E-16));
#1764=DIRECTION('ref_axis',(0.,1.,0.));
#1765=DIRECTION('',(-1.,0.,-3.20493781063927E-16));
#1766=DIRECTION('center_axis',(1.,0.,5.39778999686614E-16));
#1767=DIRECTION('ref_axis',(0.,1.,0.));
#1768=DIRECTION('center_axis',(0.353553390593274,-0.707106781186547,0.612372435695795));
#1769=DIRECTION('ref_axis',(0.866025403784439,0.,-0.5));
#1770=DIRECTION('',(0.866025403784439,0.,-0.5));
#1771=DIRECTION('',(-1.96900776582883E-15,0.654653670707977,0.755928946018455));
#1772=DIRECTION('',(-0.866025403784439,0.,0.5));
#1773=DIRECTION('',(0.654653670707978,0.654653670707977,0.377964473009226));
#1774=DIRECTION('center_axis',(-0.353553390593274,-0.707106781186548,0.612372435695794));
#1775=DIRECTION('ref_axis',(0.866025403784439,0.,0.5));
#1776=DIRECTION('',(0.866025403784439,0.,0.5));
#1777=DIRECTION('',(-0.654653670707977,0.654653670707977,0.377964473009228));
#1778=DIRECTION('',(-0.866025403784439,0.,-0.5));
#1779=DIRECTION('center_axis',(-0.353553390593273,-0.707106781186547,-0.612372435695795));
#1780=DIRECTION('ref_axis',(-0.866025403784439,0.,0.499999999999999));
#1781=DIRECTION('',(-0.866025403784439,0.,0.499999999999999));
#1782=DIRECTION('',(2.14636544238977E-15,0.654653670707977,-0.755928946018455));
#1783=DIRECTION('',(0.866025403784439,0.,-0.499999999999999));
#1784=DIRECTION('',(0.654653670707977,-0.654653670707977,0.377964473009227));
#1785=DIRECTION('center_axis',(0.353553390593274,-0.707106781186548,-0.612372435695794));
#1786=DIRECTION('ref_axis',(-0.866025403784438,0.,-0.500000000000001));
#1787=DIRECTION('',(0.866025403784438,0.,0.500000000000001));
#1788=DIRECTION('',(-0.866025403784438,0.,-0.500000000000001));
#1789=DIRECTION('',(0.654653670707978,0.654653670707976,-0.377964473009226));
#1790=DIRECTION('center_axis',(-0.707106781186547,-0.707106781186548,-3.81681391020496E-16));
#1791=DIRECTION('ref_axis',(-5.39778999686614E-16,0.,1.));
#1792=DIRECTION('',(-5.39778999686614E-16,0.,1.));
#1793=DIRECTION('',(5.39778999686614E-16,0.,-1.));
#1794=DIRECTION('center_axis',(0.707106781186547,-0.707106781186548,1.90840695510248E-16));
#1795=DIRECTION('ref_axis',(2.69889499843307E-16,0.,-1.));
#1796=DIRECTION('',(-2.69889499843307E-16,0.,1.));
#1797=DIRECTION('',(2.69889499843307E-16,0.,-1.));
#1798=DIRECTION('center_axis',(0.5,0.,-0.866025403784439));
#1799=DIRECTION('ref_axis',(-0.866025403784439,0.,-0.5));
#1800=DIRECTION('',(0.,1.,0.));
#1801=DIRECTION('',(-0.866025403784439,0.,-0.5));
#1802=DIRECTION('',(0.,1.,0.));
#1803=DIRECTION('center_axis',(1.,0.,5.39778999686614E-16));
#1804=DIRECTION('ref_axis',(5.39778999686614E-16,0.,-1.));
#1805=DIRECTION('',(0.,1.,0.));
#1806=DIRECTION('',(5.39778999686614E-16,0.,-1.));
#1807=DIRECTION('center_axis',(0.499999999999999,0.,0.866025403784439));
#1808=DIRECTION('ref_axis',(0.866025403784439,0.,-0.499999999999999));
#1809=DIRECTION('',(0.,1.,0.));
#1810=DIRECTION('',(0.866025403784439,0.,-0.499999999999999));
#1811=DIRECTION('center_axis',(0.,1.,0.));
#1812=DIRECTION('ref_axis',(1.,0.,0.));
#1813=DIRECTION('',(-6.73036940234247E-16,0.,1.));
#1814=DIRECTION('',(-0.866025403784439,0.,0.5));
#1815=DIRECTION('',(-0.866025403784438,0.,-0.500000000000001));
#1816=DIRECTION('',(2.88444402957534E-16,0.,-1.));
#1817=DIRECTION('',(0.866025403784439,0.,-0.5));
#1818=DIRECTION('',(0.866025403784438,0.,0.5));
#1819=DIRECTION('center_axis',(0.,-1.,0.));
#1820=DIRECTION('ref_axis',(1.,0.,0.));
#1821=DIRECTION('center_axis',(0.,-1.,0.));
#1822=DIRECTION('ref_axis',(1.,0.,0.));
#1823=DIRECTION('',(0.707106781186547,0.707106781186548,8.65956056235493E-17));
#1824=DIRECTION('center_axis',(0.,1.,0.));
#1825=DIRECTION('ref_axis',(1.,0.,0.));
#1826=DIRECTION('center_axis',(0.,1.,0.));
#1827=DIRECTION('ref_axis',(1.,0.,0.));
#1828=DIRECTION('',(0.,1.,0.));
#1829=DIRECTION('',(0.,1.,0.));
#1830=DIRECTION('center_axis',(0.,1.,0.));
#1831=DIRECTION('ref_axis',(1.,0.,0.));
#1832=DIRECTION('center_axis',(0.,1.,0.));
#1833=DIRECTION('ref_axis',(0.,0.,1.));
#1834=DIRECTION('',(0.866025403784438,0.,0.500000000000001));
#1835=DIRECTION('',(-2.69889499843307E-16,0.,1.));
#1836=DIRECTION('',(-0.866025403784439,0.,0.5));
#1837=DIRECTION('center_axis',(-0.72455327535185,-0.54775000523585,0.418321028566617));
#1838=DIRECTION('ref_axis',(0.500000000000001,0.,0.866025403784438));
#1839=DIRECTION('',(0.500000000000002,0.,0.866025403784438));
#1840=DIRECTION('',(-0.677497944020809,0.677497944020808,-0.286344323664979));
#1841=DIRECTION('',(0.0907675134870587,-0.677497944020809,-0.729902592366237));
#1842=DIRECTION('center_axis',(-0.707106781186547,-0.707106781186548,-4.75908984428681E-16));
#1843=DIRECTION('ref_axis',(-6.73036940234247E-16,0.,1.));
#1844=DIRECTION('',(6.73036940234247E-16,0.,-1.));
#1845=DIRECTION('',(0.654653670707978,-0.654653670707977,0.377964473009225));
#1846=DIRECTION('center_axis',(0.,-0.547750005235851,0.836642057133231));
#1847=DIRECTION('ref_axis',(1.,0.,0.));
#1848=DIRECTION('',(1.,0.,0.));
#1849=DIRECTION('',(-0.586730430533748,0.677497944020809,0.44355826870126));
#1850=DIRECTION('',(-0.586730430533748,-0.67749794402081,-0.44355826870126));
#1851=DIRECTION('center_axis',(-0.353553390593274,-0.707106781186547,0.612372435695794));
#1852=DIRECTION('ref_axis',(0.866025403784438,0.,0.5));
#1853=DIRECTION('',(-0.866025403784438,0.,-0.5));
#1854=DIRECTION('center_axis',(-0.724553275351851,0.54775000523585,0.418321028566617));
#1855=DIRECTION('ref_axis',(0.500000000000001,0.,0.866025403784438));
#1856=DIRECTION('',(-0.500000000000002,0.,-0.866025403784438));
#1857=DIRECTION('',(-0.0907675134870587,-0.67749794402081,0.729902592366236));
#1858=DIRECTION('',(0.677497944020809,0.677497944020809,0.286344323664979));
#1859=DIRECTION('center_axis',(2.1030317852139E-15,-0.54775000523585,-0.836642057133232));
#1860=DIRECTION('ref_axis',(-1.,0.,-2.51365774321694E-15));
#1861=DIRECTION('',(-1.,0.,-2.56395024851142E-15));
#1862=DIRECTION('',(0.586730430533751,0.677497944020809,-0.443558268701257));
#1863=DIRECTION('',(0.586730430533747,-0.67749794402081,0.44355826870126));
#1864=DIRECTION('center_axis',(-0.707106781186548,0.707106781186548,-4.75908984428681E-16));
#1865=DIRECTION('ref_axis',(-6.73036940234247E-16,0.,1.));
#1866=DIRECTION('',(-6.73036940234247E-16,0.,1.));
#1867=DIRECTION('',(6.73036940234247E-16,0.,-1.));
#1868=DIRECTION('',(-0.654653670707979,-0.654653670707977,-0.377964473009225));
#1869=DIRECTION('center_axis',(0.724553275351851,-0.547750005235851,0.418321028566614));
#1870=DIRECTION('ref_axis',(0.499999999999998,0.,-0.86602540378444));
#1871=DIRECTION('',(0.499999999999997,0.,-0.86602540378444));
#1872=DIRECTION('',(0.0907675134870633,0.67749794402081,0.729902592366236));
#1873=DIRECTION('',(-0.677497944020809,-0.677497944020808,0.286344323664981));
#1874=DIRECTION('center_axis',(0.353553390593274,-0.707106781186547,0.612372435695795));
#1875=DIRECTION('ref_axis',(0.866025403784439,0.,-0.5));
#1876=DIRECTION('',(-0.866025403784439,0.,0.5));
#1877=DIRECTION('center_axis',(0.,0.547750005235851,0.836642057133232));
#1878=DIRECTION('ref_axis',(1.,0.,0.));
#1879=DIRECTION('',(0.586730430533748,-0.677497944020809,0.44355826870126));
#1880=DIRECTION('',(0.586730430533747,0.67749794402081,-0.44355826870126));
#1881=DIRECTION('',(-1.,0.,0.));
#1882=DIRECTION('center_axis',(-0.353553390593275,0.707106781186547,0.612372435695795));
#1883=DIRECTION('ref_axis',(0.866025403784438,0.,0.5));
#1884=DIRECTION('',(0.866025403784438,0.,0.5));
#1885=DIRECTION('',(-0.866025403784438,0.,-0.5));
#1886=DIRECTION('center_axis',(0.,0.,1.));
#1887=DIRECTION('ref_axis',(1.,0.,0.));
#1888=DIRECTION('',(0.,-1.,0.));
#1889=DIRECTION('',(0.,1.,0.));
#1890=DIRECTION('center_axis',(0.72455327535185,-0.54775000523585,-0.418321028566617));
#1891=DIRECTION('ref_axis',(-0.500000000000001,0.,-0.866025403784438));
#1892=DIRECTION('',(-0.500000000000001,0.,-0.866025403784438));
#1893=DIRECTION('',(0.677497944020809,0.677497944020809,0.286344323664978));
#1894=DIRECTION('',(-0.0907675134870603,-0.67749794402081,0.729902592366236));
#1895=DIRECTION('center_axis',(0.707106781186547,-0.707106781186548,2.03960993326578E-16));
#1896=DIRECTION('ref_axis',(2.88444402957534E-16,0.,-1.));
#1897=DIRECTION('center_axis',(0.353553390593275,-0.707106781186547,-0.612372435695795));
#1898=DIRECTION('ref_axis',(-0.866025403784438,0.,-0.500000000000001));
#1899=DIRECTION('',(0.866025403784438,0.,0.500000000000001));
#1900=DIRECTION('center_axis',(0.,0.547750005235851,-0.836642057133232));
#1901=DIRECTION('ref_axis',(-1.,0.,0.));
#1902=DIRECTION('',(1.,0.,2.56395024851142E-15));
#1903=DIRECTION('',(-0.586730430533747,-0.67749794402081,-0.44355826870126));
#1904=DIRECTION('',(-0.58673043053375,0.677497944020808,0.443558268701259));
#1905=DIRECTION('center_axis',(-0.353553390593274,0.707106781186547,-0.612372435695795));
#1906=DIRECTION('ref_axis',(-0.866025403784439,0.,0.5));
#1907=DIRECTION('',(0.866025403784439,0.,-0.5));
#1908=DIRECTION('',(-0.866025403784439,0.,0.5));
#1909=DIRECTION('center_axis',(0.724553275351852,0.547750005235851,0.418321028566613));
#1910=DIRECTION('ref_axis',(0.499999999999997,0.,-0.86602540378444));
#1911=DIRECTION('',(0.677497944020809,-0.677497944020809,-0.286344323664979));
#1912=DIRECTION('',(-0.0907675134870647,0.67749794402081,-0.729902592366235));
#1913=DIRECTION('',(-0.499999999999997,0.,0.86602540378444));
#1914=DIRECTION('center_axis',(0.353553390593274,0.707106781186547,0.612372435695795));
#1915=DIRECTION('ref_axis',(0.866025403784439,0.,-0.5));
#1916=DIRECTION('',(0.866025403784439,0.,-0.5));
#1917=DIRECTION('',(-0.866025403784439,0.,0.5));
#1918=DIRECTION('center_axis',(0.86602540378444,0.,0.499999999999997));
#1919=DIRECTION('ref_axis',(0.499999999999997,0.,-0.86602540378444));
#1920=DIRECTION('',(0.,-1.,0.));
#1921=DIRECTION('center_axis',(0.72455327535185,0.547750005235851,-0.418321028566616));
#1922=DIRECTION('ref_axis',(-0.500000000000001,0.,-0.866025403784438));
#1923=DIRECTION('',(0.0907675134870601,-0.677497944020809,-0.729902592366237));
#1924=DIRECTION('',(-0.677497944020809,0.677497944020809,-0.286344323664976));
#1925=DIRECTION('',(0.500000000000001,0.,0.866025403784438));
#1926=DIRECTION('center_axis',(0.707106781186548,0.707106781186548,2.03960993326578E-16));
#1927=DIRECTION('ref_axis',(2.88444402957534E-16,0.,-1.));
#1928=DIRECTION('',(-2.88444402957534E-16,0.,1.));
#1929=DIRECTION('center_axis',(0.866025403784438,0.,-0.500000000000001));
#1930=DIRECTION('ref_axis',(-0.500000000000001,0.,-0.866025403784438));
#1931=DIRECTION('',(0.,1.,0.));
#1932=DIRECTION('center_axis',(0.353553390593274,0.707106781186547,-0.612372435695795));
#1933=DIRECTION('ref_axis',(-0.866025403784438,0.,-0.500000000000001));
#1934=DIRECTION('',(-0.866025403784438,0.,-0.500000000000001));
#1935=DIRECTION('',(0.866025403784438,0.,0.500000000000001));
#1936=DIRECTION('center_axis',(2.56395024851142E-15,0.,-1.));
#1937=DIRECTION('ref_axis',(-1.,0.,-2.56395024851142E-15));
#1938=DIRECTION('',(0.,-1.,0.));
#1939=DIRECTION('',(0.,1.,0.));
#1940=DIRECTION('center_axis',(-0.353553390593274,-0.707106781186547,-0.612372435695796));
#1941=DIRECTION('ref_axis',(-0.866025403784439,0.,0.5));
#1942=DIRECTION('',(0.866025403784439,0.,-0.5));
#1943=DIRECTION('center_axis',(-0.866025403784438,0.,0.500000000000002));
#1944=DIRECTION('ref_axis',(0.500000000000002,0.,0.866025403784438));
#1945=DIRECTION('',(0.,-1.,0.));
#1946=DIRECTION('',(0.,1.,0.));
#1947=DIRECTION('center_axis',(-1.,0.,-6.73036940234247E-16));
#1948=DIRECTION('ref_axis',(-6.73036940234247E-16,0.,1.));
#1949=DIRECTION('',(0.,1.,0.));
#1950=DIRECTION('center_axis',(1.,0.,6.73036940234247E-16));
#1951=DIRECTION('ref_axis',(0.,1.,0.));
#1952=DIRECTION('center_axis',(0.,-1.,0.));
#1953=DIRECTION('ref_axis',(-1.,0.,0.));
#1954=DIRECTION('',(-1.58603289232165E-16,0.,1.));
#1955=DIRECTION('center_axis',(0.,1.,0.));
#1956=DIRECTION('ref_axis',(-1.,0.,0.));
#1957=DIRECTION('',(4.75809867696495E-16,0.,-1.));
#1958=DIRECTION('center_axis',(0.5,0.,0.866025403784439));
#1959=DIRECTION('ref_axis',(0.866025403784439,0.,-0.5));
#1960=DIRECTION('center_axis',(-0.5,0.,0.866025403784438));
#1961=DIRECTION('ref_axis',(0.866025403784438,0.,0.5));
#1962=DIRECTION('center_axis',(0.500000000000001,0.,-0.866025403784438));
#1963=DIRECTION('ref_axis',(-0.866025403784438,0.,-0.500000000000001));
#1964=DIRECTION('center_axis',(0.707106781186548,0.707106781186548,3.36448384003666E-16));
#1965=DIRECTION('ref_axis',(4.75809867696495E-16,0.,-1.));
#1966=DIRECTION('',(-0.707106781186547,0.707106781186547,-3.36448384003666E-16));
#1967=DIRECTION('',(-4.75809867696495E-16,0.,1.));
#1968=DIRECTION('center_axis',(0.,-1.,0.));
#1969=DIRECTION('ref_axis',(-1.,0.,0.));
#1970=DIRECTION('',(0.707106781186547,0.707106781186548,2.61682076447296E-16));
#1971=DIRECTION('center_axis',(0.,-1.,0.));
#1972=DIRECTION('ref_axis',(-1.,0.,0.));
#1973=DIRECTION('center_axis',(-0.707106781186548,0.707106781186548,-1.12149461334555E-16));
#1974=DIRECTION('ref_axis',(-1.58603289232165E-16,0.,1.));
#1975=DIRECTION('',(1.58603289232165E-16,0.,-1.));
#1976=DIRECTION('center_axis',(0.,-1.,0.));
#1977=DIRECTION('ref_axis',(-1.,0.,0.));
#1978=DIRECTION('center_axis',(0.,-1.,0.));
#1979=DIRECTION('ref_axis',(-1.,0.,0.));
#1980=DIRECTION('center_axis',(0.,1.,0.));
#1981=DIRECTION('ref_axis',(-1.,0.,0.));
#1982=DIRECTION('center_axis',(0.,1.,0.));
#1983=DIRECTION('ref_axis',(1.,0.,0.));
#1984=DIRECTION('center_axis',(3.70074341541719E-16,0.,-1.));
#1985=DIRECTION('ref_axis',(-1.,0.,-3.70074341541719E-16));
#1986=DIRECTION('',(3.70074341541719E-16,0.,-1.));
#1987=DIRECTION('center_axis',(3.70074341541719E-16,0.,-1.));
#1988=DIRECTION('ref_axis',(-1.,0.,-3.70074341541719E-16));
#1989=DIRECTION('',(3.70074341541719E-16,0.,-1.));
#1990=DIRECTION('center_axis',(0.,1.,0.));
#1991=DIRECTION('ref_axis',(1.,0.,5.29233111422633E-14));
#1992=DIRECTION('center_axis',(0.,-1.,0.));
#1993=DIRECTION('ref_axis',(1.,0.,5.29233111422633E-14));
#1994=DIRECTION('center_axis',(0.,1.,0.));
#1995=DIRECTION('ref_axis',(1.,0.,5.29233111422633E-14));
#1996=DIRECTION('center_axis',(0.,1.,0.));
#1997=DIRECTION('ref_axis',(1.,0.,0.));
#1998=DIRECTION('center_axis',(0.,1.,0.));
#1999=DIRECTION('ref_axis',(1.,0.,0.));
#2000=DIRECTION('center_axis',(0.,1.,0.));
#2001=DIRECTION('ref_axis',(-1.,0.,0.));
#2002=DIRECTION('',(0.,1.,0.));
#2003=DIRECTION('',(0.,1.,0.));
#2004=DIRECTION('',(0.,1.,0.));
#2005=DIRECTION('',(0.,1.,0.));
#2006=DIRECTION('center_axis',(1.,0.,1.58603289232165E-16));
#2007=DIRECTION('ref_axis',(1.58603289232165E-16,0.,-1.));
#2008=DIRECTION('center_axis',(-1.,0.,-1.58603289232165E-16));
#2009=DIRECTION('ref_axis',(0.,1.,0.));
#2010=DIRECTION('center_axis',(-1.,0.,-4.75809867696495E-16));
#2011=DIRECTION('ref_axis',(-4.75809867696495E-16,0.,1.));
#2012=DIRECTION('center_axis',(1.,0.,4.75809867696495E-16));
#2013=DIRECTION('ref_axis',(0.,1.,0.));
#2014=DIRECTION('center_axis',(-1.,0.,-3.20493781063927E-16));
#2015=DIRECTION('ref_axis',(0.,1.,0.));
#2016=DIRECTION('center_axis',(-1.,0.,-2.69889499843307E-16));
#2017=DIRECTION('ref_axis',(0.,1.,0.));
#2018=DIRECTION('',(-1.,0.,-3.20493781063927E-16));
#2019=DIRECTION('center_axis',(-1.,0.,-3.20493781063927E-16));
#2020=DIRECTION('ref_axis',(0.,1.,0.));
#2021=DIRECTION('',(-1.,0.,-3.20493781063927E-16));
#2022=DIRECTION('center_axis',(-1.,0.,-3.20493781063927E-16));
#2023=DIRECTION('ref_axis',(0.,1.,0.));
#2024=DIRECTION('',(-1.,0.,-3.20493781063927E-16));
#2025=DIRECTION('center_axis',(0.,1.,0.));
#2026=DIRECTION('ref_axis',(0.,0.,1.));
#2027=DIRECTION('center_axis',(0.,1.,0.));
#2028=DIRECTION('ref_axis',(0.0444419740689079,0.,-0.999011967366187));
#2029=DIRECTION('center_axis',(-0.500000000000001,0.,0.866025403784438));
#2030=DIRECTION('ref_axis',(0.866025403784438,0.,0.500000000000001));
#2031=DIRECTION('',(0.,1.,0.));
#2032=DIRECTION('center_axis',(-1.,0.,-2.69889499843307E-16));
#2033=DIRECTION('ref_axis',(-2.69889499843307E-16,0.,1.));
#2034=DIRECTION('',(0.,1.,0.));
#2035=DIRECTION('center_axis',(-0.5,0.,-0.866025403784439));
#2036=DIRECTION('ref_axis',(-0.866025403784439,0.,0.5));
#2037=DIRECTION('center_axis',(-0.5,0.,-0.866025403784439));
#2038=DIRECTION('ref_axis',(-0.866025403784439,0.,0.5));
#2039=CARTESIAN_POINT('',(0.,0.,0.));
#2040=CARTESIAN_POINT('Origin',(0.,0.,0.));
#2041=CARTESIAN_POINT('',(-2.66084850062076,35.7507609835083,0.00108070107177318));
#2042=CARTESIAN_POINT('',(-2.65780411326076,35.4942390182407,-0.000152857238290428));
#2043=CARTESIAN_POINT('',(-2.65778,0.,3.25484176983785E-16));
#2044=CARTESIAN_POINT('',(2.03893385245364,35.,-1.70485872544284));
#2045=CARTESIAN_POINT('Ctrl Pts',(2.03893385245337,35.0000000000002,-1.70485872544261));
#2046=CARTESIAN_POINT('Ctrl Pts',(1.71032621942394,35.0389594756502,-2.09785857766458));
#2047=CARTESIAN_POINT('Ctrl Pts',(1.26537232939639,35.0779189513003,-2.39298671492043));
#2048=CARTESIAN_POINT('Ctrl Pts',(0.775754146039206,35.1168784269503,-2.54243260496539));
#2049=CARTESIAN_POINT('Ctrl Pts',(0.286135962681993,35.1558379026004,-2.69187849501035));
#2050=CARTESIAN_POINT('Ctrl Pts',(-0.248146514004868,35.1947973782504,-2.6956421378444));
#2051=CARTESIAN_POINT('Ctrl Pts',(-0.73997263311116,35.2337568539004,-2.55313366669625));
#2052=CARTESIAN_POINT('Ctrl Pts',(-1.23179875221745,35.2727163295505,-2.4106251955481));
#2053=CARTESIAN_POINT('Ctrl Pts',(-1.68116851374317,35.3116758052005,-2.12184461041775));
#2054=CARTESIAN_POINT('Ctrl Pts',(-2.01508036205157,35.3506352808506,-1.7336638581405));
#2055=CARTESIAN_POINT('Ctrl Pts',(-2.34899221035995,35.3895947565006,-1.34548310586327));
#2056=CARTESIAN_POINT('Ctrl Pts',(-2.56744614545103,35.4285542321507,-0.857902186439141));
#2057=CARTESIAN_POINT('Ctrl Pts',(-2.63498566910656,35.4675137078007,-0.35039613697232));
#2058=CARTESIAN_POINT('Ctrl Pts',(-2.65042919263591,35.4764221446141,-0.234350284232737));
#2059=CARTESIAN_POINT('Ctrl Pts',(-2.65798216180937,35.4853305814275,-0.117262646814315));
#2060=CARTESIAN_POINT('Ctrl Pts',(-2.65780411326041,35.4942390182409,-0.000152857238292179));
#2061=CARTESIAN_POINT('',(2.23368580724981,35.,1.44029241575825));
#2062=CARTESIAN_POINT('Origin',(0.,35.,0.));
#2063=CARTESIAN_POINT('Ctrl Pts',(2.23481181690155,34.9999999999998,1.44052149920945));
#2064=CARTESIAN_POINT('Ctrl Pts',(2.27785882336586,35.0059826966129,1.37477957799043));
#2065=CARTESIAN_POINT('Ctrl Pts',(2.31788749449741,35.011965393226,1.30709939967778));
#2066=CARTESIAN_POINT('Ctrl Pts',(2.35464182335735,35.0179480898391,1.23766819570924));
#2067=CARTESIAN_POINT('Ctrl Pts',(2.61008120131647,35.0595273091793,0.755127387515968));
#2068=CARTESIAN_POINT('Ctrl Pts',(2.70736563370992,35.1011065285195,0.188009786697286));
#2069=CARTESIAN_POINT('Ctrl Pts',(2.63419975371115,35.1426857478597,-0.353523522198082));
#2070=CARTESIAN_POINT('Ctrl Pts',(2.56103387371238,35.1842649671998,-0.895056831093449));
#2071=CARTESIAN_POINT('Ctrl Pts',(2.31741768132139,35.22584418654,-1.4110058480655));
#2072=CARTESIAN_POINT('Ctrl Pts',(1.94512087246412,35.2674234058802,-1.81164237464722));
#2073=CARTESIAN_POINT('Ctrl Pts',(1.57282406360686,35.3090026252204,-2.21227890122893));
#2074=CARTESIAN_POINT('Ctrl Pts',(1.07184663828332,35.3505818445606,-2.4976029374203));
#2075=CARTESIAN_POINT('Ctrl Pts',(0.536757561729216,35.3921610639008,-2.60656167692833));
#2076=CARTESIAN_POINT('Ctrl Pts',(-0.265876053101929,35.4545298929111,-2.76999978619036));
#2077=CARTESIAN_POINT('Ctrl Pts',(-1.14526088320185,35.5168987219213,-2.53661597791488));
#2078=CARTESIAN_POINT('Ctrl Pts',(-1.7579199670495,35.5792675509316,-1.99650357172809));
#2079=CARTESIAN_POINT('Ctrl Pts',(-2.31945586543258,35.6364320284571,-1.50146071146201));
#2080=CARTESIAN_POINT('Ctrl Pts',(-2.65692252670529,35.6935965059825,-0.74874327759512));
#2081=CARTESIAN_POINT('Ctrl Pts',(-2.66084850062036,35.750760983508,0.00108070107177505));
#2082=CARTESIAN_POINT('Origin',(0.,0.,0.));
#2083=CARTESIAN_POINT('',(-2.65587452105245,37.0207609829257,0.00239302759684318));
#2084=CARTESIAN_POINT('',(-2.65692997327907,36.764239017566,-0.000308204532886307));
#2085=CARTESIAN_POINT('',(-2.65778,0.,3.25484176983785E-16));
#2086=CARTESIAN_POINT('',(-1.00718789388854,37.2596991715743,2.45951609611798));
#2087=CARTESIAN_POINT('Ctrl Pts',(-2.65587452105245,37.0207609829257,0.00239302759684318));
#2088=CARTESIAN_POINT('Ctrl Pts',(-2.65771174776039,37.0392138043433,0.244822306855905));
#2089=CARTESIAN_POINT('Ctrl Pts',(-2.62698865663382,37.0576666257609,0.486754726804667));
#2090=CARTESIAN_POINT('Ctrl Pts',(-2.56184981062748,37.0761194471786,0.719050639569473));
#2091=CARTESIAN_POINT('Ctrl Pts',(-2.3458363863485,37.1373126887911,1.48939028540018));
#2092=CARTESIAN_POINT('Ctrl Pts',(-1.75134668588231,37.1985059304037,2.15375552017477));
#2093=CARTESIAN_POINT('Ctrl Pts',(-1.00718789421331,37.2596991720163,2.45951609681703));
#2094=CARTESIAN_POINT('',(-0.778202431998556,37.0216860355479,2.54210612658846));
#2095=CARTESIAN_POINT('Ctrl Pts',(-1.00720141187683,37.2596991720163,2.45954057586235));
#2096=CARTESIAN_POINT('Ctrl Pts',(-0.96907303299063,37.207824372482,2.47515445002391));
#2097=CARTESIAN_POINT('Ctrl Pts',(-0.927498788610342,37.159731835644,2.49112010471948));
#2098=CARTESIAN_POINT('Ctrl Pts',(-0.851076682391874,37.0833097294255,2.51806932661303));
#2099=CARTESIAN_POINT('Ctrl Pts',(-0.815716528199426,37.0516226531794,2.52981238970386));
#2100=CARTESIAN_POINT('Ctrl Pts',(-0.778075589655047,37.0216859518626,2.54133683426321));
#2101=CARTESIAN_POINT('Ctrl Pts',(-2.65692997327907,36.764239017566,-0.000308204532886307));
#2102=CARTESIAN_POINT('Ctrl Pts',(-2.65569528903347,36.7995109554447,0.463912469394491));
#2103=CARTESIAN_POINT('Ctrl Pts',(-2.53513006591293,36.8347828933234,0.928838037204207));
#2104=CARTESIAN_POINT('Ctrl Pts',(-2.3037032831882,36.870054831202,1.32977411361605));
#2105=CARTESIAN_POINT('Ctrl Pts',(-1.97207502953304,36.9205985540331,1.90430455163352));
#2106=CARTESIAN_POINT('Ctrl Pts',(-1.41280246766876,36.9711422768642,2.34743828592492));
#2107=CARTESIAN_POINT('Ctrl Pts',(-0.778240967110493,37.0216859996953,2.54234021798915));
#2108=CARTESIAN_POINT('Origin',(0.,0.,0.));
#2109=CARTESIAN_POINT('',(-2.65812885783397,39.5607609815911,-0.000110264143303338));
#2110=CARTESIAN_POINT('',(-2.65697877913428,39.3042390163733,-0.000262956466384612));
#2111=CARTESIAN_POINT('',(-2.65778,0.,3.25484176983785E-16));
#2112=CARTESIAN_POINT('',(1.16843214118613,38.4437563447778,2.38705379594879));
#2113=CARTESIAN_POINT('Ctrl Pts',(1.16841700279823,38.4437563447471,2.38704976843208));
#2114=CARTESIAN_POINT('Ctrl Pts',(1.52715768357913,38.4741912360228,2.21093746545487));
#2115=CARTESIAN_POINT('Ctrl Pts',(1.84440153826815,38.5046261272984,1.95354918827201));
#2116=CARTESIAN_POINT('Ctrl Pts',(2.09196643164816,38.5350610185741,1.63817198172789));
#2117=CARTESIAN_POINT('Ctrl Pts',(2.37527959621501,38.5698906959279,1.27725443320814));
#2118=CARTESIAN_POINT('Ctrl Pts',(2.56733767838466,38.6047203732816,0.840391657785246));
#2119=CARTESIAN_POINT('Ctrl Pts',(2.6326231470502,38.6395500506354,0.38809910143888));
#2120=CARTESIAN_POINT('Ctrl Pts',(2.76319408438126,38.709209405343,-0.516486011253802));
#2121=CARTESIAN_POINT('Ctrl Pts',(2.38667456769593,38.7788687600506,-1.48279024764038));
#2122=CARTESIAN_POINT('Ctrl Pts',(1.68162658125936,38.8485281147582,-2.06185361331013));
#2123=CARTESIAN_POINT('Ctrl Pts',(1.21159459030164,38.8949676845633,-2.44789585708996));
#2124=CARTESIAN_POINT('Ctrl Pts',(0.595549946121147,38.9414072543683,-2.66183104721787));
#2125=CARTESIAN_POINT('Ctrl Pts',(-0.0154169487252687,38.9878468241734,
-2.65809769419366));
#2126=CARTESIAN_POINT('Ctrl Pts',(-0.626383843571736,39.0342863939784,-2.65436434116945));
#2127=CARTESIAN_POINT('Ctrl Pts',(-1.23227298908412,39.0807259637835,-2.43296244499309));
#2128=CARTESIAN_POINT('Ctrl Pts',(-1.7013439347466,39.1271655335885,-2.04271503483453));
#2129=CARTESIAN_POINT('Ctrl Pts',(-1.93587940757779,39.1503853184911,-1.84759132975529));
#2130=CARTESIAN_POINT('Ctrl Pts',(-2.13621033044652,39.1736051033936,-1.61025624618052));
#2131=CARTESIAN_POINT('Ctrl Pts',(-2.29118667736207,39.1968248882961,-1.34676960467958));
#2132=CARTESIAN_POINT('Ctrl Pts',(-2.44616302427764,39.2200446731986,-1.0832829631786));
#2133=CARTESIAN_POINT('Ctrl Pts',(-2.55578479524001,39.2432644581012,-0.793644763751442));
#2134=CARTESIAN_POINT('Ctrl Pts',(-2.61206511170114,39.2664842430037,-0.493822706728746));
#2135=CARTESIAN_POINT('Ctrl Pts',(-2.64256856098057,39.2790691674602,-0.331321720872276));
#2136=CARTESIAN_POINT('Ctrl Pts',(-2.6574027066697,39.2916540919168,-0.165829178863522));
#2137=CARTESIAN_POINT('Ctrl Pts',(-2.65697877913428,39.3042390163733,-0.000262956466384622));
#2138=CARTESIAN_POINT('',(1.04222410756954,38.6897309425691,2.44395086152139));
#2139=CARTESIAN_POINT('Ctrl Pts',(1.16858046641927,38.4437563447471,2.38709325789826));
#2140=CARTESIAN_POINT('Ctrl Pts',(1.16372730033579,38.4565365903764,2.38946908258239));
#2141=CARTESIAN_POINT('Ctrl Pts',(1.15866620268876,38.4692324587675,2.39192836810638));
#2142=CARTESIAN_POINT('Ctrl Pts',(1.1228703370415,38.5549199831576,2.40917104233361));
#2143=CARTESIAN_POINT('Ctrl Pts',(1.08541533926836,38.6248418257534,2.42648848583055));
#2144=CARTESIAN_POINT('Ctrl Pts',(1.04248320200083,38.6897309428655,2.44479514519031));
#2145=CARTESIAN_POINT('Ctrl Pts',(1.04206333675332,38.6897309428655,2.44342697681792));
#2146=CARTESIAN_POINT('Ctrl Pts',(1.57385009885508,38.7337515021254,2.21388962675246));
#2147=CARTESIAN_POINT('Ctrl Pts',(2.03222867753293,38.7777720613853,1.81030519027713));
#2148=CARTESIAN_POINT('Ctrl Pts',(2.31578031230965,38.8217926206452,1.30814906935869));
#2149=CARTESIAN_POINT('Ctrl Pts',(2.67553893982988,38.8776440919107,0.67103407968581));
#2150=CARTESIAN_POINT('Ctrl Pts',(2.75387009482946,38.9334955631762,-0.124756566015337));
#2151=CARTESIAN_POINT('Ctrl Pts',(2.52853842755079,38.9893470344417,-0.822948204524768));
#2152=CARTESIAN_POINT('Ctrl Pts',(2.37831731603168,39.0265813486187,-1.28840929686439));
#2153=CARTESIAN_POINT('Ctrl Pts',(2.09313495016667,39.0638156627957,-1.71049305267436));
#2154=CARTESIAN_POINT('Ctrl Pts',(1.71943876588884,39.1010499769728,-2.02694498443879));
#2155=CARTESIAN_POINT('Ctrl Pts',(1.34574258161101,39.1382842911498,-2.34339691620323));
#2156=CARTESIAN_POINT('Ctrl Pts',(0.883532578920348,39.1755186053268,-2.55421702392212));
#2157=CARTESIAN_POINT('Ctrl Pts',(0.39986931991132,39.2127529195038,-2.62781362419275));
#2158=CARTESIAN_POINT('Ctrl Pts',(-0.083793939097708,39.2499872336808,-2.70141022446339));
#2159=CARTESIAN_POINT('Ctrl Pts',(-0.588910454425109,39.2872215478578,-2.63778331728576));
#2160=CARTESIAN_POINT('Ctrl Pts',(-1.03939737310908,39.3244558620348,-2.44642363825661));
#2161=CARTESIAN_POINT('Ctrl Pts',(-1.48988429179305,39.3616901762118,-2.25506395922746));
#2162=CARTESIAN_POINT('Ctrl Pts',(-1.88574161383359,39.3989244903888,-1.93597150834679));
#2163=CARTESIAN_POINT('Ctrl Pts',(-2.16866977331281,39.4361588045658,-1.53670418681989));
#2164=CARTESIAN_POINT('Ctrl Pts',(-2.45159793279203,39.4733931187428,-1.13743686529299));
#2165=CARTESIAN_POINT('Ctrl Pts',(-2.62159692970994,39.5106274329198,-0.657994673119861));
#2166=CARTESIAN_POINT('Ctrl Pts',(-2.65283324867323,39.5478617470968,-0.169564269982786));
#2167=CARTESIAN_POINT('Ctrl Pts',(-2.65644035690079,39.5521614919282,-0.113161294721299));
#2168=CARTESIAN_POINT('Ctrl Pts',(-2.65819704083698,39.5564612367597,-0.0566384601132738));
#2169=CARTESIAN_POINT('Ctrl Pts',(-2.65812885783397,39.5607609815911,-0.00011026414330333));
#2170=CARTESIAN_POINT('Origin',(0.,0.,0.));
#2171=CARTESIAN_POINT('',(-2.66006874664591,40.8307609813349,0.000236012980391994));
#2172=CARTESIAN_POINT('',(-2.65391252203156,40.5742390163024,-0.00149269934041551));
#2173=CARTESIAN_POINT('',(-2.65778,0.,3.25484176983785E-16));
#2174=CARTESIAN_POINT('',(-1.77932337248153,41.,1.97428540604974));
#2175=CARTESIAN_POINT('Ctrl Pts',(-2.66006874664591,40.8307609813349,0.000236012980391996));
#2176=CARTESIAN_POINT('Ctrl Pts',(-2.6600772214576,40.8313225162911,0.00759964042816284));
#2177=CARTESIAN_POINT('Ctrl Pts',(-2.66005307120391,40.8318840512473,0.0149630704764976));
#2178=CARTESIAN_POINT('Ctrl Pts',(-2.65999618731449,40.8324455862035,0.0223260579188751));
#2179=CARTESIAN_POINT('Ctrl Pts',(-2.65433839365358,40.888297057469,0.754664582946395));
#2180=CARTESIAN_POINT('Ctrl Pts',(-2.32485596279957,40.9441485287345,1.48262453197913));
#2181=CARTESIAN_POINT('Ctrl Pts',(-1.77932337248148,41.,1.97428540604977));
#2182=CARTESIAN_POINT('',(1.35643817936315,41.,2.28557870001582));
#2183=CARTESIAN_POINT('Origin',(0.,41.,0.));
#2184=CARTESIAN_POINT('Ctrl Pts',(-2.6537780966395,40.5742390163024,-0.0015445824269375));
#2185=CARTESIAN_POINT('Ctrl Pts',(-2.6465921898681,40.6259362414893,0.678622240196585));
#2186=CARTESIAN_POINT('Ctrl Pts',(-2.38468373371504,40.6776334666761,1.36128107322647));
#2187=CARTESIAN_POINT('Ctrl Pts',(-1.91623987209627,40.729330691863,1.84788006068178));
#2188=CARTESIAN_POINT('Ctrl Pts',(-1.28503583746678,40.7989900465706,2.50354719455571));
#2189=CARTESIAN_POINT('Ctrl Pts',(-0.278842448047509,40.8686494012781,2.80324458645531));
#2190=CARTESIAN_POINT('Ctrl Pts',(0.608319422656321,40.9383087559857,2.5947946848504));
#2191=CARTESIAN_POINT('Ctrl Pts',(0.870213510322915,40.9588725039905,2.53325935673525));
#2192=CARTESIAN_POINT('Ctrl Pts',(1.12173452038134,40.9794362519953,2.42744120866797));
#2193=CARTESIAN_POINT('Ctrl Pts',(1.35324999735155,41.,2.28653426818041));
#2194=CARTESIAN_POINT('Origin',(0.,5.23489690354565,0.));
#2195=CARTESIAN_POINT('',(-3.27542632521967,39.9172006971055,-0.000136699398279899));
#2196=CARTESIAN_POINT('',(-3.27026777477063,40.2177993024916,-0.00184390809222877));
#2197=CARTESIAN_POINT('',(-3.275,5.23489690354565,-1.72922772164192E-13));
#2198=CARTESIAN_POINT('',(2.44424424334368,41.,-2.17974656299333));
#2199=CARTESIAN_POINT('Ctrl Pts',(-3.27010035172383,40.2177993024916,-0.00190914435969576));
#2200=CARTESIAN_POINT('Ctrl Pts',(-3.26121844283442,40.2695548042079,0.83714395617304));
#2201=CARTESIAN_POINT('Ctrl Pts',(-2.93768149361938,40.3213103059243,1.67927897698698));
#2202=CARTESIAN_POINT('Ctrl Pts',(-2.35928056199903,40.3730658076406,2.27905737914156));
#2203=CARTESIAN_POINT('Ctrl Pts',(-1.58079258829996,40.4427251623482,3.08631796161288));
#2204=CARTESIAN_POINT('Ctrl Pts',(-0.34061052701401,40.5123845170558,3.45454193770869));
#2205=CARTESIAN_POINT('Ctrl Pts',(0.752355616850561,40.5820438717633,3.19673795822064));
#2206=CARTESIAN_POINT('Ctrl Pts',(1.84532176071514,40.6517032264709,2.9389339787326));
#2207=CARTESIAN_POINT('Ctrl Pts',(2.79107198715833,40.7213625811785,2.05510204366071));
#2208=CARTESIAN_POINT('Ctrl Pts',(3.1286052096034,40.7910219358861,0.986023100828339));
#2209=CARTESIAN_POINT('Ctrl Pts',(3.46613843203415,40.8606812905907,-0.0830558419586751));
#2210=CARTESIAN_POINT('Ctrl Pts',(3.19545465051835,40.9303406452954,-1.33738179249045));
#2211=CARTESIAN_POINT('Ctrl Pts',(2.44424424334373,41.,-2.17974656299328));
#2212=CARTESIAN_POINT('',(-1.9679864618281,41.,-2.61775749183557));
#2213=CARTESIAN_POINT('Origin',(0.,41.,0.));
#2214=CARTESIAN_POINT('Ctrl Pts',(-1.96894314587356,40.9999999999995,-2.61943632844746));
#2215=CARTESIAN_POINT('Ctrl Pts',(-1.33741762994971,40.9512005476104,-3.09117092184642));
#2216=CARTESIAN_POINT('Ctrl Pts',(-0.530070448530518,40.9024010952214,-3.32990138145385));
#2217=CARTESIAN_POINT('Ctrl Pts',(0.258543459424589,40.8536016428323,-3.26655399514936));
#2218=CARTESIAN_POINT('Ctrl Pts',(1.16112012501033,40.7977501715668,-3.19405226505365));
#2219=CARTESIAN_POINT('Ctrl Pts',(2.03915800806369,40.7418987003013,-2.72585767418284));
#2220=CARTESIAN_POINT('Ctrl Pts',(2.5903608628616,40.6860472290358,-2.01444786261538));
#2221=CARTESIAN_POINT('Ctrl Pts',(3.32529800259217,40.6115786006818,-1.06590144719207));
#2222=CARTESIAN_POINT('Ctrl Pts',(3.4791950920908,40.5371099723278,0.315027582803092));
#2223=CARTESIAN_POINT('Ctrl Pts',(2.96652390007202,40.4626413439738,1.40422172410711));
#2224=CARTESIAN_POINT('Ctrl Pts',(2.71018830406264,40.4254070297968,1.9488187947591));
#2225=CARTESIAN_POINT('Ctrl Pts',(2.28721063767391,40.3881727156197,2.4204821432383));
#2226=CARTESIAN_POINT('Ctrl Pts',(1.77855177746557,40.3509384014427,2.74861473200326));
#2227=CARTESIAN_POINT('Ctrl Pts',(1.26989291725722,40.3137040872657,3.07674732076822));
#2228=CARTESIAN_POINT('Ctrl Pts',(0.675552863229263,40.2764697730887,3.26134914981892));
#2229=CARTESIAN_POINT('Ctrl Pts',(0.0741376302924717,40.2392354589117,3.27479397787455));
#2230=CARTESIAN_POINT('Ctrl Pts',(-0.527277602644351,40.2020011447347,3.28823880593017));
#2231=CARTESIAN_POINT('Ctrl Pts',(-1.13576801449,40.1647668305577,3.1305266329907));
#2232=CARTESIAN_POINT('Ctrl Pts',(-1.65660334210037,40.1275325163807,2.82556053681277));
#2233=CARTESIAN_POINT('Ctrl Pts',(-2.17743866971071,40.0902982022037,2.52059444063486));
#2234=CARTESIAN_POINT('Ctrl Pts',(-2.61061891308577,40.0530638880267,2.0683744212185));
#2235=CARTESIAN_POINT('Ctrl Pts',(-2.89319260797372,40.0158295738497,1.53573980361982));
#2236=CARTESIAN_POINT('Ctrl Pts',(-3.14269298363899,39.9829532816014,1.06544642675082));
#2237=CARTESIAN_POINT('Ctrl Pts',(-3.27477857013476,39.9500769893532,0.532460801858248));
#2238=CARTESIAN_POINT('Ctrl Pts',(-3.27542632521881,39.917200697105,-0.000136699398277001));
#2239=CARTESIAN_POINT('Origin',(0.,5.23489690354565,0.));
#2240=CARTESIAN_POINT('',(-3.27325326447708,38.6472006966942,-0.000427112238194144));
#2241=CARTESIAN_POINT('',(-3.27402026476036,38.9477993030438,-0.000326314756861174));
#2242=CARTESIAN_POINT('',(-3.275,5.23489690354565,-1.72922772164192E-13));
#2243=CARTESIAN_POINT('',(1.22911642308702,37.772463588633,3.03560501687848));
#2244=CARTESIAN_POINT('Ctrl Pts',(-3.27325326447708,38.6472006966942,-0.000427112238194146));
#2245=CARTESIAN_POINT('Ctrl Pts',(-3.27445637554175,38.6267669215187,-0.331831643415424));
#2246=CARTESIAN_POINT('Ctrl Pts',(-3.22662991803899,38.6063331463431,-0.663069957064795));
#2247=CARTESIAN_POINT('Ctrl Pts',(-3.12810123180684,38.5858993711676,-0.978610901561076));
#2248=CARTESIAN_POINT('Ctrl Pts',(-2.86661664465042,38.5316703189986,-1.81602279405452));
#2249=CARTESIAN_POINT('Ctrl Pts',(-2.24802876346507,38.4774412668296,-2.54287579451039));
#2250=CARTESIAN_POINT('Ctrl Pts',(-1.46321765750846,38.4232122146607,-2.93403115239994));
#2251=CARTESIAN_POINT('Ctrl Pts',(-0.678406551551878,38.3689831624917,-3.32518651028948));
#2252=CARTESIAN_POINT('Ctrl Pts',(0.272627779175946,38.3147541103227,-3.38064422561271));
#2253=CARTESIAN_POINT('Ctrl Pts',(1.09937820150841,38.2605250581538,-3.08615991871388));
#2254=CARTESIAN_POINT('Ctrl Pts',(1.92612862384091,38.2062960059848,-2.79167561181505));
#2255=CARTESIAN_POINT('Ctrl Pts',(2.62859513777804,38.1520669538158,-2.14724928269414));
#2256=CARTESIAN_POINT('Ctrl Pts',(2.9889595428611,38.0978379016468,-1.34806532472858));
#2257=CARTESIAN_POINT('Ctrl Pts',(3.34932394794415,38.0436088494779,-0.548881366763024));
#2258=CARTESIAN_POINT('Ctrl Pts',(3.36758624417312,37.9893797973089,0.405060220047184));
#2259=CARTESIAN_POINT('Ctrl Pts',(3.04114170370326,37.9351507451399,1.21874120692622));
#2260=CARTESIAN_POINT('Ctrl Pts',(2.7146971632334,37.880921692971,2.03242219380526));
#2261=CARTESIAN_POINT('Ctrl Pts',(2.04354578606471,37.826692640802,2.70584258075312));
#2262=CARTESIAN_POINT('Ctrl Pts',(1.22911642308703,37.772463588633,3.03560501687847));
#2263=CARTESIAN_POINT('',(1.25,38.,3.02706541059159));
#2264=CARTESIAN_POINT('Ctrl Pts',(1.22911642308702,37.772463588633,3.03560501687848));
#2265=CARTESIAN_POINT('Ctrl Pts',(1.24323061438698,37.8487062621513,3.02989018104545));
#2266=CARTESIAN_POINT('Ctrl Pts',(1.25,37.9254184470255,3.02706541059159));
#2267=CARTESIAN_POINT('Ctrl Pts',(1.25,38.,3.02706541059159));
#2268=CARTESIAN_POINT('',(1.24778942716678,38.0743071022903,3.02797730266441));
#2269=CARTESIAN_POINT('Ctrl Pts',(1.25,38.,3.02706541059159));
#2270=CARTESIAN_POINT('Ctrl Pts',(1.25,38.0245725293341,3.02706541059159));
#2271=CARTESIAN_POINT('Ctrl Pts',(1.24927434498585,38.0493718713671,3.02736538765658));
#2272=CARTESIAN_POINT('Ctrl Pts',(1.24778942716679,38.0743071022903,3.0279773026644));
#2273=CARTESIAN_POINT('Ctrl Pts',(1.24778942716674,38.0743071022903,3.02797730266442));
#2274=CARTESIAN_POINT('Ctrl Pts',(1.76955835690749,38.1091367796441,2.81296322267719));
#2275=CARTESIAN_POINT('Ctrl Pts',(2.2308092132122,38.1439664569979,2.46141228388028));
#2276=CARTESIAN_POINT('Ctrl Pts',(2.57953178831188,38.1787961343517,2.01637654790438));
#2277=CARTESIAN_POINT('Ctrl Pts',(2.92825436341154,38.2136258117055,1.5713408119285));
#2278=CARTESIAN_POINT('Ctrl Pts',(3.16444865730618,38.2484554890593,1.03282027877363));
#2279=CARTESIAN_POINT('Ctrl Pts',(3.24441336775545,38.2832851664131,0.475421809409863));
#2280=CARTESIAN_POINT('Ctrl Pts',(3.40434278865402,38.3529445211206,-0.639375129317702));
#2281=CARTESIAN_POINT('Ctrl Pts',(2.93935387577112,38.4226038758282,-1.82968381288086));
#2282=CARTESIAN_POINT('Ctrl Pts',(2.06995474536675,38.4922632305358,-2.54247215654856));
#2283=CARTESIAN_POINT('Ctrl Pts',(1.49035532509718,38.5387028003409,-3.01766438566036));
#2284=CARTESIAN_POINT('Ctrl Pts',(0.731018030373626,38.5851423701459,-3.2806253525964));
#2285=CARTESIAN_POINT('Ctrl Pts',(-0.0218303079230984,38.631581939951,-3.27537381575979));
#2286=CARTESIAN_POINT('Ctrl Pts',(-0.774678646219824,38.6780215097561,-3.27012227892317));
#2287=CARTESIAN_POINT('Ctrl Pts',(-1.52103802808972,38.7244610795611,-2.99665823831391));
#2288=CARTESIAN_POINT('Ctrl Pts',(-2.09862582980685,38.7709006493662,-2.51528335380367));
#2289=CARTESIAN_POINT('Ctrl Pts',(-2.38741973066542,38.7941204342687,-2.27459591154854));
#2290=CARTESIAN_POINT('Ctrl Pts',(-2.63402073648581,38.8173402191712,-1.98193075831816));
#2291=CARTESIAN_POINT('Ctrl Pts',(-2.82470655710199,38.8405600040738,-1.65708918604795));
#2292=CARTESIAN_POINT('Ctrl Pts',(-3.01539237771817,38.8637797889763,-1.33224761377774));
#2293=CARTESIAN_POINT('Ctrl Pts',(-3.15016301313016,38.8869995738788,-0.975229622467697));
#2294=CARTESIAN_POINT('Ctrl Pts',(-3.21919380316692,38.9102193587813,-0.605719619282799));
#2295=CARTESIAN_POINT('Ctrl Pts',(-3.25643464831779,38.9227460068688,-0.406375749641779));
#2296=CARTESIAN_POINT('Ctrl Pts',(-3.2745425385839,38.9352726549563,-0.20339619910956));
#2297=CARTESIAN_POINT('Ctrl Pts',(-3.27402026476035,38.9477993030438,-0.000326314756861179));
#2298=CARTESIAN_POINT('Origin',(0.,5.23489690354565,0.));
#2299=CARTESIAN_POINT('',(-3.27267603177573,37.3772006965871,0.00294830662117881));
#2300=CARTESIAN_POINT('',(-3.27556861710256,37.6777993033908,-0.000197071662770339));
#2301=CARTESIAN_POINT('',(-3.275,5.23489690354565,-1.72922772164192E-13));
#2302=CARTESIAN_POINT('',(-1.24719666060185,37.9163310703811,3.02822150606319));
#2303=CARTESIAN_POINT('Ctrl Pts',(-3.27556861710256,37.6777993033908,-0.000197071662770346));
#2304=CARTESIAN_POINT('Ctrl Pts',(-3.27558655925589,37.6793909410875,0.0255678603599353));
#2305=CARTESIAN_POINT('Ctrl Pts',(-3.27529290160079,37.6809825787842,0.0513336926227588));
#2306=CARTESIAN_POINT('Ctrl Pts',(-3.27468568476542,37.6825742164809,0.0770935537754588));
#2307=CARTESIAN_POINT('Ctrl Pts',(-3.25982247213792,37.7215336921309,0.707633208254095));
#2308=CARTESIAN_POINT('Ctrl Pts',(-3.05708932081531,37.760493167781,1.33459525389907));
#2309=CARTESIAN_POINT('Ctrl Pts',(-2.69985356601404,37.799452643431,1.85464375002836));
#2310=CARTESIAN_POINT('Ctrl Pts',(-2.34261781121278,37.838412119081,2.37469224615763));
#2311=CARTESIAN_POINT('Ctrl Pts',(-1.83087945293286,37.8773715947311,2.78782719277123));
#2312=CARTESIAN_POINT('Ctrl Pts',(-1.24719666060183,37.9163310703811,3.02822150606319));
#2313=CARTESIAN_POINT('',(-1.19067743857952,37.6194908184318,3.05088712299517));
#2314=CARTESIAN_POINT('Ctrl Pts',(-1.24719666060186,37.9163310703811,3.02822150606318));
#2315=CARTESIAN_POINT('Ctrl Pts',(-1.24056737283123,37.8175127203991,3.03095182996886));
#2316=CARTESIAN_POINT('Ctrl Pts',(-1.22173737163441,37.7166825902041,3.03876528431634));
#2317=CARTESIAN_POINT('Ctrl Pts',(-1.19067743857952,37.6194908184318,3.05088712299517));
#2318=CARTESIAN_POINT('Ctrl Pts',(-1.1906774385795,37.6194908184318,3.05088712299517));
#2319=CARTESIAN_POINT('Ctrl Pts',(-2.1320680818372,37.5571219894215,2.68348821420947));
#2320=CARTESIAN_POINT('Ctrl Pts',(-2.88710183048539,37.4947531604112,1.8510128211231));
#2321=CARTESIAN_POINT('Ctrl Pts',(-3.15755700853388,37.4323843314009,0.883305969701155));
#2322=CARTESIAN_POINT('Ctrl Pts',(-3.23732281471077,37.413989786463,0.597898540257395));
#2323=CARTESIAN_POINT('Ctrl Pts',(-3.27493769479998,37.395595241525,0.300728041724593));
#2324=CARTESIAN_POINT('Ctrl Pts',(-3.27267603177573,37.3772006965871,0.00294830662117881));
#2325=CARTESIAN_POINT('Origin',(0.,5.23489690354565,0.));
#2326=CARTESIAN_POINT('',(-3.27879698619124,36.1072006968789,0.00132143625400429));
#2327=CARTESIAN_POINT('',(-3.27396046345183,36.4077993033504,-0.000383271621695239));
#2328=CARTESIAN_POINT('',(-3.275,5.23489690354565,-1.72922772164192E-13));
#2329=CARTESIAN_POINT('Ctrl Pts',(-3.27396046345183,36.4077993033504,-0.000383271621695239));
#2330=CARTESIAN_POINT('Ctrl Pts',(-3.27242766346005,36.4431295178935,0.572584929604155));
#2331=CARTESIAN_POINT('Ctrl Pts',(-3.12334762037707,36.4784597324366,1.1464291216198));
#2332=CARTESIAN_POINT('Ctrl Pts',(-2.83727717941647,36.5137899469796,1.64104416379529));
#2333=CARTESIAN_POINT('Ctrl Pts',(-2.41666818989889,36.565735914513,2.36827600358638));
#2334=CARTESIAN_POINT('Ctrl Pts',(-1.69991634660551,36.6176818820464,2.92423199558517));
#2335=CARTESIAN_POINT('Ctrl Pts',(-0.890956612086592,36.6696278495798,3.15280270389919));
#2336=CARTESIAN_POINT('Ctrl Pts',(-0.0819968775676491,36.7215738171132,
3.38137341221322));
#2337=CARTESIAN_POINT('Ctrl Pts',(0.819170748176829,36.7735197846466,3.28255883684245));
#2338=CARTESIAN_POINT('Ctrl Pts',(1.55822710818445,36.82546575218,2.88310118991346));
#2339=CARTESIAN_POINT('Ctrl Pts',(2.29728346819205,36.8774117197134,2.48364354298448));
#2340=CARTESIAN_POINT('Ctrl Pts',(2.8742285624628,36.9293576872467,1.7835428244973));
#2341=CARTESIAN_POINT('Ctrl Pts',(3.12617433888504,36.9813036547801,0.981543965543602));
#2342=CARTESIAN_POINT('Ctrl Pts',(3.37812011530729,37.0332496223135,0.179545106589871));
#2343=CARTESIAN_POINT('Ctrl Pts',(3.30506657388099,37.0851955898469,-0.724351892830393));
#2344=CARTESIAN_POINT('Ctrl Pts',(2.9267911001958,37.1371415573803,-1.47469541477338));
#2345=CARTESIAN_POINT('Ctrl Pts',(2.54851562651063,37.1890875249137,-2.22503893671634));
#2346=CARTESIAN_POINT('Ctrl Pts',(1.86501822056658,37.2410334924471,-2.82182898118202));
#2347=CARTESIAN_POINT('Ctrl Pts',(1.07100169627623,37.2929794599804,-3.09637118290688));
#2348=CARTESIAN_POINT('Ctrl Pts',(0.276985171985822,37.3449254275138,-3.37091338463175));
#2349=CARTESIAN_POINT('Ctrl Pts',(-0.627550470650896,37.3968713950473,-3.32320774361573));
#2350=CARTESIAN_POINT('Ctrl Pts',(-1.38951334438193,37.4488173625806,-2.96773438077432));
#2351=CARTESIAN_POINT('Ctrl Pts',(-1.96098549968013,37.4877768382307,-2.70112935864329));
#2352=CARTESIAN_POINT('Ctrl Pts',(-2.45226047246891,37.5267363138807,-2.26140499298553));
#2353=CARTESIAN_POINT('Ctrl Pts',(-2.7844013218971,37.5656957895307,-1.72448417850053));
#2354=CARTESIAN_POINT('Ctrl Pts',(-3.1029729975174,37.6030636274841,-1.20949855164863));
#2355=CARTESIAN_POINT('Ctrl Pts',(-3.27514737834984,37.6404314654375,-0.605095916861535));
#2356=CARTESIAN_POINT('Ctrl Pts',(-3.27556861710256,37.6777993033908,-0.000197071662770339));
#2357=CARTESIAN_POINT('Ctrl Pts',(-3.27267603177573,37.3772006965871,0.00294830662117881));
#2358=CARTESIAN_POINT('Ctrl Pts',(-3.26726926511531,37.3332264125148,-0.708928540922214));
#2359=CARTESIAN_POINT('Ctrl Pts',(-3.03396636283137,37.2892521284424,-1.42428720131304));
#2360=CARTESIAN_POINT('Ctrl Pts',(-2.60384101168766,37.2452778443701,-1.99073878410525));
#2361=CARTESIAN_POINT('Ctrl Pts',(-2.19714249012534,37.2036986250299,-2.52633851252315));
#2362=CARTESIAN_POINT('Ctrl Pts',(-1.6144775730998,37.1621194056897,-2.9288099222163));
#2363=CARTESIAN_POINT('Ctrl Pts',(-0.970604068236348,37.1205401863495,-3.12791572856512));
#2364=CARTESIAN_POINT('Ctrl Pts',(-0.3267305633729,37.0789609670093,-3.32702153491393));
#2365=CARTESIAN_POINT('Ctrl Pts',(0.378351529328454,37.0373817476692,-3.32276173791842));
#2366=CARTESIAN_POINT('Ctrl Pts',(1.01784412669085,36.995802528329,-3.1138774643595));
#2367=CARTESIAN_POINT('Ctrl Pts',(1.65733672405325,36.9542233089888,-2.90499319080058));
#2368=CARTESIAN_POINT('Ctrl Pts',(2.23123982607669,36.9126440896486,-2.49148444067824));
#2369=CARTESIAN_POINT('Ctrl Pts',(2.63234046613485,36.8710648703084,-1.94987752493339));
#2370=CARTESIAN_POINT('Ctrl Pts',(3.03344110619302,36.8294856509682,-1.40827060918853));
#2371=CARTESIAN_POINT('Ctrl Pts',(3.26173928428591,36.787906431628,-0.738565527821159));
#2372=CARTESIAN_POINT('Ctrl Pts',(3.27527698837896,36.7463272122879,-0.0660492173150273));
#2373=CARTESIAN_POINT('Ctrl Pts',(3.28881469247201,36.7047479929477,0.606467093191104));
#2374=CARTESIAN_POINT('Ctrl Pts',(3.08759192256522,36.6631687736075,1.28179463283599));
#2375=CARTESIAN_POINT('Ctrl Pts',(2.70936021096541,36.6215895542673,1.83993070400789));
#2376=CARTESIAN_POINT('Ctrl Pts',(2.33112849936562,36.5800103349271,2.39806677517976));
#2377=CARTESIAN_POINT('Ctrl Pts',(1.77588784607283,36.5384311155869,2.83901137787865));
#2378=CARTESIAN_POINT('Ctrl Pts',(1.14523649399745,36.4968518962467,3.07222617617765));
#2379=CARTESIAN_POINT('Ctrl Pts',(0.199259465884324,36.4344830672364,3.42204837362616));
#2380=CARTESIAN_POINT('Ctrl Pts',(-0.916391634489649,36.3721142382262,3.30447851117485));
#2381=CARTESIAN_POINT('Ctrl Pts',(-1.7645256151272,36.3097454092159,2.76273098679603));
#2382=CARTESIAN_POINT('Ctrl Pts',(-2.61265959576471,36.2473765802056,2.22098346241724));
#2383=CARTESIAN_POINT('Ctrl Pts',(-3.19327645666583,36.1850077511953,1.25505827611096));
#2384=CARTESIAN_POINT('Ctrl Pts',(-3.26999871237704,36.122638922185,0.250528187541833));
#2385=CARTESIAN_POINT('Ctrl Pts',(-3.27632909401405,36.117492847083,0.167644039160656));
#2386=CARTESIAN_POINT('Ctrl Pts',(-3.27922898082617,36.1123467719809,0.0844970701101147));
#2387=CARTESIAN_POINT('Ctrl Pts',(-3.27879698619124,36.1072006968789,0.00132143625400429));
#2388=CARTESIAN_POINT('Origin',(0.,5.23489690354565,0.));
#2389=CARTESIAN_POINT('',(-3.275,35.,-1.72922772164191E-13));
#2390=CARTESIAN_POINT('',(-3.275034183176,35.1377993029682,-0.000187654773219224));
#2391=CARTESIAN_POINT('',(-3.275,5.23489690354565,-1.72922772164192E-13));
#2392=CARTESIAN_POINT('',(-2.54294939907406,35.,-2.06374255994996));
#2393=CARTESIAN_POINT('Origin',(0.,35.,0.));
#2394=CARTESIAN_POINT('Ctrl Pts',(-2.54329160968159,35.0000000000005,-2.06411648948339));
#2395=CARTESIAN_POINT('Ctrl Pts',(-2.92138477994962,35.0370829411932,-1.59748546271276));
#2396=CARTESIAN_POINT('Ctrl Pts',(-3.16858353078158,35.0741658823859,-1.02427219868308));
#2397=CARTESIAN_POINT('Ctrl Pts',(-3.24728435579748,35.1112488235786,-0.428960531643819));
#2398=CARTESIAN_POINT('Ctrl Pts',(-3.26606697807931,35.1200989833753,-0.286884331302769));
#2399=CARTESIAN_POINT('Ctrl Pts',(-3.27525231431967,35.128949143172,-0.143549452590959));
#2400=CARTESIAN_POINT('Ctrl Pts',(-3.27503418317513,35.1377993029687,-0.000187654773222046));
#2401=CARTESIAN_POINT('Origin',(-5.75,10.,6.75));
#2402=CARTESIAN_POINT('',(-5.50000000000001,41.,7.));
#2403=CARTESIAN_POINT('',(-6.,40.5,6.5));
#2404=CARTESIAN_POINT('',(-11.4166666666667,35.0833333333334,1.08333333333334));
#2405=CARTESIAN_POINT('',(-6.,10.5,6.5));
#2406=CARTESIAN_POINT('',(-6.,10.,6.5));
#2407=CARTESIAN_POINT('',(-5.5,11.,7.));
#2408=CARTESIAN_POINT('',(-6.58333333333334,9.91666666666667,5.91666666666666));
#2409=CARTESIAN_POINT('',(-5.5,10.,7.));
#2410=CARTESIAN_POINT('Origin',(-5.75,40.75,3.5));
#2411=CARTESIAN_POINT('',(-5.5,41.,-1.34711147906209E-15));
#2412=CARTESIAN_POINT('',(-5.5,41.,3.5));
#2413=CARTESIAN_POINT('',(-6.,40.5,-2.22044604925031E-15));
#2414=CARTESIAN_POINT('',(-6.,40.5,-2.22044604925031E-15));
#2415=CARTESIAN_POINT('',(-6.,40.5,3.5));
#2416=CARTESIAN_POINT('Origin',(6.,10.,7.));
#2417=CARTESIAN_POINT('',(-6.5,10.,7.));
#2418=CARTESIAN_POINT('',(-3.25,13.25,7.));
#2419=CARTESIAN_POINT('',(6.5,10.,7.));
#2420=CARTESIAN_POINT('',(6.,10.,7.));
#2421=CARTESIAN_POINT('',(5.5,11.,7.));
#2422=CARTESIAN_POINT('',(6.25,10.25,7.));
#2423=CARTESIAN_POINT('',(5.5,41.,7.));
#2424=CARTESIAN_POINT('',(5.5,10.,7.));
#2425=CARTESIAN_POINT('',(3.,41.,7.));
#2426=CARTESIAN_POINT('',(1.25,38.,7.));
#2427=CARTESIAN_POINT('Origin',(-2.59052039079203E-15,38.,7.));
#2428=CARTESIAN_POINT('',(1.25,13.,7.));
#2429=CARTESIAN_POINT('Origin',(-2.59052039079203E-15,13.,7.));
#2430=CARTESIAN_POINT('Origin',(5.75,10.,6.75));
#2431=CARTESIAN_POINT('',(6.,40.5,6.5));
#2432=CARTESIAN_POINT('',(12.,34.5,0.500000000000005));
#2433=CARTESIAN_POINT('',(6.,10.5,6.5));
#2434=CARTESIAN_POINT('',(7.16666666666667,9.33333333333333,5.33333333333333));
#2435=CARTESIAN_POINT('',(6.,10.,6.5));
#2436=CARTESIAN_POINT('Origin',(5.75,40.75,1.98254111540206E-16));
#2437=CARTESIAN_POINT('',(6.,40.5,0.));
#2438=CARTESIAN_POINT('',(6.,40.5,3.1720657846433E-16));
#2439=CARTESIAN_POINT('',(5.5,41.,-2.37904933848248E-16));
#2440=CARTESIAN_POINT('',(6.,40.5,0.));
#2441=CARTESIAN_POINT('',(5.5,41.,7.93016446160821E-17));
#2442=CARTESIAN_POINT('Origin',(9.75,4.,4.01356804552835E-15));
#2443=CARTESIAN_POINT('',(10.,2.25,3.87136595641694E-15));
#2444=CARTESIAN_POINT('Origin',(10.,4.,4.08567914626773E-15));
#2445=CARTESIAN_POINT('',(9.5,2.75,4.09453779468238E-15));
#2446=CARTESIAN_POINT('',(9.75,2.5,3.82987102565624E-15));
#2447=CARTESIAN_POINT('Origin',(9.5,4.,3.94145694478896E-15));
#2448=CARTESIAN_POINT('Origin',(10.,0.,5.77350269189626));
#2449=CARTESIAN_POINT('',(10.,0.5,-5.27350269189626));
#2450=CARTESIAN_POINT('',(10.,0.5,5.27350269189626));
#2451=CARTESIAN_POINT('',(10.,0.5,2.88675134594813));
#2452=CARTESIAN_POINT('',(10.,9.5,-5.27350269189626));
#2453=CARTESIAN_POINT('',(10.,0.,-5.27350269189626));
#2454=CARTESIAN_POINT('',(10.,9.5,5.27350269189626));
#2455=CARTESIAN_POINT('',(10.,9.5,2.88675134594813));
#2456=CARTESIAN_POINT('',(10.,0.,5.27350269189626));
#2457=CARTESIAN_POINT('Origin',(10.,4.,4.10170383532093E-15));
#2458=CARTESIAN_POINT('',(7.125,2.75,3.02720336486872E-15));
#2459=CARTESIAN_POINT('',(10.,2.75,4.25478468521435E-15));
#2460=CARTESIAN_POINT('Origin',(7.125,4.,3.18028421476214E-15));
#2461=CARTESIAN_POINT('Origin',(-1.90625,0.25,-7.41534251990426));
#2462=CARTESIAN_POINT('',(-7.625,0.,-4.4022958025709));
#2463=CARTESIAN_POINT('',(2.22044604925031E-15,0.,-8.80459160514179));
#2464=CARTESIAN_POINT('',(-2.03125,0.,-7.63184887085037));
#2465=CARTESIAN_POINT('',(1.82681455206439E-15,0.5,-8.22724133595217));
#2466=CARTESIAN_POINT('',(3.33066907387547E-15,0.,-8.80459160514179));
#2467=CARTESIAN_POINT('',(-7.125,0.5,-4.11362066797609));
#2468=CARTESIAN_POINT('',(-1.78125,0.5,-7.19883616895815));
#2469=CARTESIAN_POINT('',(-7.625,0.,-4.4022958025709));
#2470=CARTESIAN_POINT('Origin',(5.46875,0.25,-5.35853218591621));
#2471=CARTESIAN_POINT('',(7.625,0.,-4.4022958025709));
#2472=CARTESIAN_POINT('',(5.59375,0.,-5.57503853686232));
#2473=CARTESIAN_POINT('',(7.125,0.5,-4.11362066797608));
#2474=CARTESIAN_POINT('',(7.625,0.,-4.4022958025709));
#2475=CARTESIAN_POINT('',(5.34375,0.5,-5.1420258349701));
#2476=CARTESIAN_POINT('Origin',(1.90625,0.25,7.41534251990426));
#2477=CARTESIAN_POINT('',(7.625,0.,4.4022958025709));
#2478=CARTESIAN_POINT('',(-6.66133814775094E-15,0.,8.80459160514179));
#2479=CARTESIAN_POINT('',(2.03125,0.,7.63184887085037));
#2480=CARTESIAN_POINT('',(-5.02202446295286E-15,0.5,8.22724133595217));
#2481=CARTESIAN_POINT('',(-6.66133814775094E-15,0.,8.80459160514179));
#2482=CARTESIAN_POINT('',(7.125,0.5,4.11362066797609));
#2483=CARTESIAN_POINT('',(1.78125,0.5,7.19883616895815));
#2484=CARTESIAN_POINT('',(7.125,0.5,4.11362066797609));
#2485=CARTESIAN_POINT('Origin',(-5.46875,0.25,5.35853218591621));
#2486=CARTESIAN_POINT('',(-7.125,0.5,4.11362066797608));
#2487=CARTESIAN_POINT('',(-5.34375,0.5,5.1420258349701));
#2488=CARTESIAN_POINT('',(-7.625,0.,4.40229580257089));
#2489=CARTESIAN_POINT('',(-5.59375,0.,5.57503853686232));
#2490=CARTESIAN_POINT('',(-7.625,0.,4.40229580257089));
#2491=CARTESIAN_POINT('Origin',(7.375,0.25,2.05681033398805));
#2492=CARTESIAN_POINT('',(7.625,0.,2.05681033398805));
#2493=CARTESIAN_POINT('',(7.125,0.5,2.05681033398805));
#2494=CARTESIAN_POINT('Origin',(-7.375,0.25,-2.05681033398804));
#2495=CARTESIAN_POINT('',(-7.125,0.5,-2.05681033398804));
#2496=CARTESIAN_POINT('',(-7.625,0.,-2.05681033398804));
#2497=CARTESIAN_POINT('Origin',(7.125,0.,-4.11362066797608));
#2498=CARTESIAN_POINT('',(7.125,8.,-4.11362066797608));
#2499=CARTESIAN_POINT('',(7.125,0.,-4.11362066797608));
#2500=CARTESIAN_POINT('',(2.22044604925031E-15,8.,-8.22724133595217));
#2501=CARTESIAN_POINT('',(7.125,8.,-4.11362066797608));
#2502=CARTESIAN_POINT('',(1.82681455206439E-15,0.,-8.22724133595217));
#2503=CARTESIAN_POINT('Origin',(7.125,0.,4.11362066797609));
#2504=CARTESIAN_POINT('',(7.125,8.,4.11362066797609));
#2505=CARTESIAN_POINT('',(7.125,0.,4.11362066797609));
#2506=CARTESIAN_POINT('',(7.125,8.,4.11362066797609));
#2507=CARTESIAN_POINT('Origin',(-5.02202446295286E-15,0.,8.22724133595217));
#2508=CARTESIAN_POINT('',(-5.55111512312578E-15,8.,8.22724133595217));
#2509=CARTESIAN_POINT('',(-5.02202446295286E-15,0.,8.22724133595217));
#2510=CARTESIAN_POINT('',(-5.02202446295286E-15,8.,8.22724133595217));
#2511=CARTESIAN_POINT('Origin',(0.,0.,-2.22044604925031E-15));
#2512=CARTESIAN_POINT('',(-9.5,0.,-5.48482755730146));
#2513=CARTESIAN_POINT('',(-9.5,0.,5.48482755730145));
#2514=CARTESIAN_POINT('',(-9.5,0.,-2.88675134594814));
#2515=CARTESIAN_POINT('',(8.32667268468867E-15,0.,-10.9696551146029));
#2516=CARTESIAN_POINT('',(-2.25,0.,-9.67061700892624));
#2517=CARTESIAN_POINT('',(9.5,0.,-5.48482755730145));
#2518=CARTESIAN_POINT('',(7.25000000000001,0.,-6.78386566297811));
#2519=CARTESIAN_POINT('',(9.5,0.,5.48482755730145));
#2520=CARTESIAN_POINT('',(9.5,0.,2.88675134594813));
#2521=CARTESIAN_POINT('',(-4.71844785465692E-15,0.,10.9696551146029));
#2522=CARTESIAN_POINT('',(2.25,0.,9.67061700892623));
#2523=CARTESIAN_POINT('',(-7.25000000000001,0.,6.7838656629781));
#2524=CARTESIAN_POINT('Origin',(0.,8.25,0.));
#2525=CARTESIAN_POINT('',(-3.85,8.,-4.71489017671731E-16));
#2526=CARTESIAN_POINT('Origin',(0.,8.,0.));
#2527=CARTESIAN_POINT('',(-3.35,8.5,4.10256677714363E-16));
#2528=CARTESIAN_POINT('',(-3.6,8.25,-4.40872847693047E-16));
#2529=CARTESIAN_POINT('Origin',(0.,8.5,0.));
#2530=CARTESIAN_POINT('Origin',(0.,0.,0.));
#2531=CARTESIAN_POINT('',(-3.35,20.25,3.9594792121463E-16));
#2532=CARTESIAN_POINT('',(-3.35,0.,4.10256677714363E-16));
#2533=CARTESIAN_POINT('',(-3.10805405358401,21.5,1.25));
#2534=CARTESIAN_POINT('Ctrl Pts',(-3.35,20.25,3.81639164714898E-16));
#2535=CARTESIAN_POINT('Ctrl Pts',(-3.35,20.25,0.15857012809024));
#2536=CARTESIAN_POINT('Ctrl Pts',(-3.33765138891648,20.2820017602774,0.326692160099667));
#2537=CARTESIAN_POINT('Ctrl Pts',(-3.29307940967901,20.4100573991804,0.634249605335313));
#2538=CARTESIAN_POINT('Ctrl Pts',(-3.26140500261155,20.5060308493022,0.773797802268527));
#2539=CARTESIAN_POINT('Ctrl Pts',(-3.20115703158422,20.7262847749855,0.994051727951898));
#2540=CARTESIAN_POINT('Ctrl Pts',(-3.16845868380743,20.8658010045513,1.08996213661264));
#2541=CARTESIAN_POINT('Ctrl Pts',(-3.12148956103586,21.173236497323,1.21797007148991));
#2542=CARTESIAN_POINT('Ctrl Pts',(-3.10805405358401,21.3413109255905,1.25));
#2543=CARTESIAN_POINT('Ctrl Pts',(-3.10805405358401,21.5,1.25));
#2544=CARTESIAN_POINT('',(-3.35,22.75,-2.63246999656556E-16));
#2545=CARTESIAN_POINT('Ctrl Pts',(-3.10805405358401,21.5,1.25));
#2546=CARTESIAN_POINT('Ctrl Pts',(-3.10805405358401,21.6586890744095,1.25));
#2547=CARTESIAN_POINT('Ctrl Pts',(-3.12148956103586,21.826763502677,1.21797007148991));
#2548=CARTESIAN_POINT('Ctrl Pts',(-3.16845868380743,22.1341989954487,1.08996213661264));
#2549=CARTESIAN_POINT('Ctrl Pts',(-3.20115703158422,22.2737152250145,0.994051727951898));
#2550=CARTESIAN_POINT('Ctrl Pts',(-3.26140500261155,22.4939691506978,0.773797802268527));
#2551=CARTESIAN_POINT('Ctrl Pts',(-3.29307940967901,22.5899426008196,0.634249605335313));
#2552=CARTESIAN_POINT('Ctrl Pts',(-3.33765138891648,22.7179982397226,0.326692160099668));
#2553=CARTESIAN_POINT('Ctrl Pts',(-3.35,22.75,0.158570128090239));
#2554=CARTESIAN_POINT('Ctrl Pts',(-3.35,22.75,-2.08166817117217E-16));
#2555=CARTESIAN_POINT('',(-3.35,35.,4.10256677714363E-16));
#2556=CARTESIAN_POINT('',(-3.35,0.,4.10256677714363E-16));
#2557=CARTESIAN_POINT('Origin',(0.,35.,0.));
#2558=CARTESIAN_POINT('Ctrl Pts',(-3.35,22.75,-9.0205620750794E-16));
#2559=CARTESIAN_POINT('Ctrl Pts',(-3.35,22.75,-0.15857012809024));
#2560=CARTESIAN_POINT('Ctrl Pts',(-3.33765138891648,22.7179982397226,-0.326692160099668));
#2561=CARTESIAN_POINT('Ctrl Pts',(-3.29307940967901,22.5899426008196,-0.634249605335313));
#2562=CARTESIAN_POINT('Ctrl Pts',(-3.26140500261155,22.4939691506978,-0.773797802268527));
#2563=CARTESIAN_POINT('Ctrl Pts',(-3.20115703158422,22.2737152250145,-0.994051727951898));
#2564=CARTESIAN_POINT('Ctrl Pts',(-3.16845868380743,22.1341989954487,-1.08996213661264));
#2565=CARTESIAN_POINT('Ctrl Pts',(-3.12148956103586,21.826763502677,-1.21797007148991));
#2566=CARTESIAN_POINT('Ctrl Pts',(-3.10805405358401,21.6586890744095,-1.25));
#2567=CARTESIAN_POINT('Ctrl Pts',(-3.10805405358401,21.3413109255905,-1.25));
#2568=CARTESIAN_POINT('Ctrl Pts',(-3.12148956103587,21.173236497323,-1.21797007148991));
#2569=CARTESIAN_POINT('Ctrl Pts',(-3.16845868380743,20.8658010045513,-1.08996213661264));
#2570=CARTESIAN_POINT('Ctrl Pts',(-3.20115703158422,20.7262847749855,-0.994051727951898));
#2571=CARTESIAN_POINT('Ctrl Pts',(-3.26140500261155,20.5060308493022,-0.773797802268527));
#2572=CARTESIAN_POINT('Ctrl Pts',(-3.29307940967901,20.4100573991804,-0.634249605335313));
#2573=CARTESIAN_POINT('Ctrl Pts',(-3.33765138891648,20.2820017602774,-0.326692160099667));
#2574=CARTESIAN_POINT('Ctrl Pts',(-3.35,20.25,-0.158570128090239));
#2575=CARTESIAN_POINT('Ctrl Pts',(-3.35,20.25,5.3776427755281E-16));
#2576=CARTESIAN_POINT('',(3.10805405358401,21.5,1.25));
#2577=CARTESIAN_POINT('',(3.35,20.25,1.82502884999941E-15));
#2578=CARTESIAN_POINT('Ctrl Pts',(3.10805405358401,21.5,1.25));
#2579=CARTESIAN_POINT('Ctrl Pts',(3.10805405358401,21.3413109255905,1.25));
#2580=CARTESIAN_POINT('Ctrl Pts',(3.12148956103586,21.173236497323,1.21797007148991));
#2581=CARTESIAN_POINT('Ctrl Pts',(3.16845868380743,20.8658010045513,1.08996213661265));
#2582=CARTESIAN_POINT('Ctrl Pts',(3.20115703158422,20.7262847749855,0.9940517279519));
#2583=CARTESIAN_POINT('Ctrl Pts',(3.26140500261155,20.5060308493022,0.773797802268529));
#2584=CARTESIAN_POINT('Ctrl Pts',(3.29307940967901,20.4100573991804,0.634249605335315));
#2585=CARTESIAN_POINT('Ctrl Pts',(3.33765138891648,20.2820017602774,0.32669216009967));
#2586=CARTESIAN_POINT('Ctrl Pts',(3.35,20.25,0.158570128090242));
#2587=CARTESIAN_POINT('Ctrl Pts',(3.35,20.25,2.46330733588707E-15));
#2588=CARTESIAN_POINT('Ctrl Pts',(3.35,20.25,1.52655665885959E-15));
#2589=CARTESIAN_POINT('Ctrl Pts',(3.35,20.25,-0.158570128090238));
#2590=CARTESIAN_POINT('Ctrl Pts',(3.33765138891648,20.2820017602774,-0.326692160099665));
#2591=CARTESIAN_POINT('Ctrl Pts',(3.29307940967901,20.4100573991804,-0.634249605335311));
#2592=CARTESIAN_POINT('Ctrl Pts',(3.26140500261155,20.5060308493022,-0.773797802268525));
#2593=CARTESIAN_POINT('Ctrl Pts',(3.20115703158423,20.7262847749855,-0.994051727951896));
#2594=CARTESIAN_POINT('Ctrl Pts',(3.16845868380743,20.8658010045513,-1.08996213661264));
#2595=CARTESIAN_POINT('Ctrl Pts',(3.12148956103587,21.173236497323,-1.2179700714899));
#2596=CARTESIAN_POINT('Ctrl Pts',(3.10805405358401,21.3413109255905,-1.25));
#2597=CARTESIAN_POINT('Ctrl Pts',(3.10805405358401,21.6586890744095,-1.25));
#2598=CARTESIAN_POINT('Ctrl Pts',(3.12148956103587,21.826763502677,-1.2179700714899));
#2599=CARTESIAN_POINT('Ctrl Pts',(3.16845868380743,22.1341989954487,-1.08996213661264));
#2600=CARTESIAN_POINT('Ctrl Pts',(3.20115703158423,22.2737152250145,-0.994051727951897));
#2601=CARTESIAN_POINT('Ctrl Pts',(3.26140500261155,22.4939691506978,-0.773797802268525));
#2602=CARTESIAN_POINT('Ctrl Pts',(3.29307940967901,22.5899426008196,-0.634249605335311));
#2603=CARTESIAN_POINT('Ctrl Pts',(3.33765138891648,22.7179982397226,-0.326692160099666));
#2604=CARTESIAN_POINT('Ctrl Pts',(3.35,22.75,-0.158570128090238));
#2605=CARTESIAN_POINT('Ctrl Pts',(3.35,22.75,0.158570128090241));
#2606=CARTESIAN_POINT('Ctrl Pts',(3.33765138891648,22.7179982397226,0.326692160099669));
#2607=CARTESIAN_POINT('Ctrl Pts',(3.29307940967901,22.5899426008196,0.634249605335315));
#2608=CARTESIAN_POINT('Ctrl Pts',(3.26140500261155,22.4939691506978,0.773797802268529));
#2609=CARTESIAN_POINT('Ctrl Pts',(3.20115703158422,22.2737152250145,0.9940517279519));
#2610=CARTESIAN_POINT('Ctrl Pts',(3.16845868380743,22.1341989954487,1.08996213661265));
#2611=CARTESIAN_POINT('Ctrl Pts',(3.12148956103586,21.826763502677,1.21797007148991));
#2612=CARTESIAN_POINT('Ctrl Pts',(3.10805405358401,21.6586890744095,1.25));
#2613=CARTESIAN_POINT('Ctrl Pts',(3.10805405358401,21.5,1.25));
#2614=CARTESIAN_POINT('',(-1.25,13.,3.10805405358401));
#2615=CARTESIAN_POINT('',(1.25,13.,3.10805405358401));
#2616=CARTESIAN_POINT('Ctrl Pts',(-1.25,13.,3.10805405358401));
#2617=CARTESIAN_POINT('Ctrl Pts',(-1.25,12.8413109255905,3.10805405358401));
#2618=CARTESIAN_POINT('Ctrl Pts',(-1.21797007148991,12.673236497323,3.12148956103587));
#2619=CARTESIAN_POINT('Ctrl Pts',(-1.08996213661264,12.3658010045513,3.16845868380743));
#2620=CARTESIAN_POINT('Ctrl Pts',(-0.9940517279519,12.2262847749855,3.20115703158422));
#2621=CARTESIAN_POINT('Ctrl Pts',(-0.773797802268528,12.0060308493022,3.26140500261155));
#2622=CARTESIAN_POINT('Ctrl Pts',(-0.634249605335312,11.9100573991804,3.29307940967901));
#2623=CARTESIAN_POINT('Ctrl Pts',(-0.326692160099667,11.7820017602774,3.33765138891648));
#2624=CARTESIAN_POINT('Ctrl Pts',(-0.158570128090241,11.75,3.35));
#2625=CARTESIAN_POINT('Ctrl Pts',(0.158570128090238,11.75,3.35));
#2626=CARTESIAN_POINT('Ctrl Pts',(0.326692160099665,11.7820017602774,3.33765138891648));
#2627=CARTESIAN_POINT('Ctrl Pts',(0.634249605335309,11.9100573991804,3.29307940967901));
#2628=CARTESIAN_POINT('Ctrl Pts',(0.773797802268525,12.0060308493022,3.26140500261155));
#2629=CARTESIAN_POINT('Ctrl Pts',(0.994051727951897,12.2262847749855,3.20115703158422));
#2630=CARTESIAN_POINT('Ctrl Pts',(1.08996213661264,12.3658010045513,3.16845868380743));
#2631=CARTESIAN_POINT('Ctrl Pts',(1.2179700714899,12.673236497323,3.12148956103587));
#2632=CARTESIAN_POINT('Ctrl Pts',(1.25,12.8413109255905,3.10805405358401));
#2633=CARTESIAN_POINT('Ctrl Pts',(1.25,13.,3.10805405358401));
#2634=CARTESIAN_POINT('Ctrl Pts',(1.25,13.,3.10805405358401));
#2635=CARTESIAN_POINT('Ctrl Pts',(1.25,13.1586890744095,3.10805405358401));
#2636=CARTESIAN_POINT('Ctrl Pts',(1.2179700714899,13.326763502677,3.12148956103587));
#2637=CARTESIAN_POINT('Ctrl Pts',(1.08996213661264,13.6341989954487,3.16845868380743));
#2638=CARTESIAN_POINT('Ctrl Pts',(0.994051727951897,13.7737152250145,3.20115703158422));
#2639=CARTESIAN_POINT('Ctrl Pts',(0.773797802268526,13.9939691506978,3.26140500261155));
#2640=CARTESIAN_POINT('Ctrl Pts',(0.634249605335311,14.0899426008196,3.29307940967901));
#2641=CARTESIAN_POINT('Ctrl Pts',(0.326692160099666,14.2179982397226,3.33765138891648));
#2642=CARTESIAN_POINT('Ctrl Pts',(0.158570128090239,14.25,3.35));
#2643=CARTESIAN_POINT('Ctrl Pts',(-0.15857012809024,14.25,3.35));
#2644=CARTESIAN_POINT('Ctrl Pts',(-0.326692160099665,14.2179982397226,3.33765138891648));
#2645=CARTESIAN_POINT('Ctrl Pts',(-0.634249605335311,14.0899426008196,3.29307940967901));
#2646=CARTESIAN_POINT('Ctrl Pts',(-0.773797802268527,13.9939691506978,3.26140500261155));
#2647=CARTESIAN_POINT('Ctrl Pts',(-0.994051727951899,13.7737152250145,3.20115703158422));
#2648=CARTESIAN_POINT('Ctrl Pts',(-1.08996213661264,13.6341989954487,3.16845868380743));
#2649=CARTESIAN_POINT('Ctrl Pts',(-1.21797007148991,13.326763502677,3.12148956103586));
#2650=CARTESIAN_POINT('Ctrl Pts',(-1.25,13.1586890744095,3.10805405358401));
#2651=CARTESIAN_POINT('Ctrl Pts',(-1.25,13.,3.10805405358401));
#2652=CARTESIAN_POINT('Origin',(-1.11022302462516E-15,8.,0.));
#2653=CARTESIAN_POINT('',(-7.125,8.,4.11362066797608));
#2654=CARTESIAN_POINT('',(-7.125,8.,4.11362066797608));
#2655=CARTESIAN_POINT('',(-7.125,8.,-4.11362066797609));
#2656=CARTESIAN_POINT('',(-7.125,8.,-4.11362066797609));
#2657=CARTESIAN_POINT('',(1.82681455206439E-15,8.,-8.22724133595217));
#2658=CARTESIAN_POINT('Origin',(-9.5,0.,5.48482755730145));
#2659=CARTESIAN_POINT('',(-10.,0.5,5.27350269189626));
#2660=CARTESIAN_POINT('',(-9.56698729810778,0.5,6.02350269189626));
#2661=CARTESIAN_POINT('',(-10.,0.5,5.27350269189626));
#2662=CARTESIAN_POINT('',(-9.5,0.,5.48482755730145));
#2663=CARTESIAN_POINT('',(-9.56698729810778,0.5,6.02350269189626));
#2664=CARTESIAN_POINT('Origin',(-9.75,0.25,-2.88675134594814));
#2665=CARTESIAN_POINT('',(-10.,0.5,-5.77350269189627));
#2666=CARTESIAN_POINT('',(-10.,0.5,-2.88675134594814));
#2667=CARTESIAN_POINT('',(-10.,0.5,-5.77350269189627));
#2668=CARTESIAN_POINT('Origin',(-4.44089209850063E-15,0.,10.9696551146029));
#2669=CARTESIAN_POINT('',(-0.433012701892224,0.5,11.2970053837925));
#2670=CARTESIAN_POINT('',(0.433012701892214,0.5,11.2970053837925));
#2671=CARTESIAN_POINT('',(-0.433012701892224,0.5,11.2970053837925));
#2672=CARTESIAN_POINT('',(-4.44089209850063E-15,0.,10.9696551146029));
#2673=CARTESIAN_POINT('',(0.433012701892214,0.5,11.2970053837925));
#2674=CARTESIAN_POINT('Origin',(-7.37500000000001,0.25,7.00037201392421));
#2675=CARTESIAN_POINT('',(-7.50000000000001,0.5,7.21687836487032));
#2676=CARTESIAN_POINT('Origin',(-9.5,10.,5.48482755730145));
#2677=CARTESIAN_POINT('',(-9.56698729810778,9.5,6.02350269189626));
#2678=CARTESIAN_POINT('',(-10.,9.5,5.27350269189626));
#2679=CARTESIAN_POINT('',(-9.56698729810778,9.5,6.02350269189626));
#2680=CARTESIAN_POINT('',(-9.5,10.,5.48482755730145));
#2681=CARTESIAN_POINT('',(-9.5,10.,5.48482755730145));
#2682=CARTESIAN_POINT('',(-10.,9.5,5.27350269189626));
#2683=CARTESIAN_POINT('Origin',(6.66133814775094E-15,0.,-10.9696551146029));
#2684=CARTESIAN_POINT('',(0.433012701892228,0.5,-11.2970053837925));
#2685=CARTESIAN_POINT('',(-0.43301270189221,0.5,-11.2970053837925));
#2686=CARTESIAN_POINT('',(0.433012701892229,0.5,-11.2970053837925));
#2687=CARTESIAN_POINT('',(6.66133814775094E-15,0.,-10.9696551146029));
#2688=CARTESIAN_POINT('',(-0.433012701892209,0.5,-11.2970053837925));
#2689=CARTESIAN_POINT('Origin',(-9.75,9.75,-2.88675134594814));
#2690=CARTESIAN_POINT('',(-10.,9.5,-5.77350269189627));
#2691=CARTESIAN_POINT('',(-10.,9.5,-2.88675134594814));
#2692=CARTESIAN_POINT('',(-9.5,10.,-5.48482755730145));
#2693=CARTESIAN_POINT('',(-9.5,10.,-2.88675134594814));
#2694=CARTESIAN_POINT('',(-9.49999999999999,10.,-5.48482755730146));
#2695=CARTESIAN_POINT('Origin',(9.5,0.,5.48482755730145));
#2696=CARTESIAN_POINT('',(9.56698729810778,0.5,6.02350269189626));
#2697=CARTESIAN_POINT('',(9.56698729810778,0.5,6.02350269189626));
#2698=CARTESIAN_POINT('',(9.5,0.,5.48482755730145));
#2699=CARTESIAN_POINT('',(10.,0.5,5.27350269189626));
#2700=CARTESIAN_POINT('Origin',(2.375,0.25,9.88712335987234));
#2701=CARTESIAN_POINT('',(2.5,0.5,10.1036297108185));
#2702=CARTESIAN_POINT('Origin',(-0.433012701892224,9.5,11.2970053837925));
#2703=CARTESIAN_POINT('',(-5.55111512312578E-15,10.,10.9696551146029));
#2704=CARTESIAN_POINT('',(0.433012701892214,9.5,11.2970053837925));
#2705=CARTESIAN_POINT('',(-5.82867087928207E-15,10.,10.9696551146029));
#2706=CARTESIAN_POINT('',(-0.433012701892224,9.5,11.2970053837925));
#2707=CARTESIAN_POINT('',(-0.433012701892224,9.5,11.2970053837925));
#2708=CARTESIAN_POINT('',(0.433012701892214,9.5,11.2970053837925));
#2709=CARTESIAN_POINT('Origin',(-7.37500000000001,9.75,7.00037201392421));
#2710=CARTESIAN_POINT('',(-7.50000000000001,9.5,7.21687836487032));
#2711=CARTESIAN_POINT('',(-7.25000000000001,10.,6.7838656629781));
#2712=CARTESIAN_POINT('Origin',(-5.10008701937181E-15,0.,11.2970053837925));
#2713=CARTESIAN_POINT('',(-0.433012701892224,0.,11.2970053837925));
#2714=CARTESIAN_POINT('',(0.433012701892214,0.,11.2970053837925));
#2715=CARTESIAN_POINT('Origin',(9.5,0.,-5.48482755730145));
#2716=CARTESIAN_POINT('',(9.56698729810778,0.5,-6.02350269189626));
#2717=CARTESIAN_POINT('',(10.,0.5,-5.27350269189626));
#2718=CARTESIAN_POINT('',(9.5,0.,-5.48482755730145));
#2719=CARTESIAN_POINT('',(9.56698729810778,0.5,-6.02350269189626));
#2720=CARTESIAN_POINT('Origin',(9.75,0.25,2.88675134594813));
#2721=CARTESIAN_POINT('Origin',(7.37500000000001,0.25,-7.00037201392422));
#2722=CARTESIAN_POINT('',(7.50000000000001,0.5,-7.21687836487033));
#2723=CARTESIAN_POINT('Origin',(8.32667268468867E-15,10.,-10.9696551146029));
#2724=CARTESIAN_POINT('',(-0.433012701892209,9.5,-11.2970053837925));
#2725=CARTESIAN_POINT('',(0.433012701892229,9.5,-11.2970053837925));
#2726=CARTESIAN_POINT('',(-0.43301270189221,9.5,-11.2970053837925));
#2727=CARTESIAN_POINT('',(7.7715611723761E-15,10.,-10.9696551146029));
#2728=CARTESIAN_POINT('',(8.32667268468867E-15,10.,-10.9696551146029));
#2729=CARTESIAN_POINT('',(0.433012701892229,9.5,-11.2970053837925));
#2730=CARTESIAN_POINT('Origin',(-2.375,9.75,-9.88712335987235));
#2731=CARTESIAN_POINT('',(-2.25,10.,-9.67061700892624));
#2732=CARTESIAN_POINT('',(-2.5,9.5,-10.1036297108185));
#2733=CARTESIAN_POINT('Origin',(9.56698729810778,9.5,6.02350269189626));
#2734=CARTESIAN_POINT('',(9.5,10.,5.48482755730145));
#2735=CARTESIAN_POINT('',(9.5,10.,5.48482755730145));
#2736=CARTESIAN_POINT('',(9.56698729810778,9.5,6.02350269189626));
#2737=CARTESIAN_POINT('',(9.56698729810778,9.5,6.02350269189626));
#2738=CARTESIAN_POINT('',(10.,9.5,5.27350269189626));
#2739=CARTESIAN_POINT('Origin',(2.375,9.75,9.88712335987234));
#2740=CARTESIAN_POINT('',(2.5,9.5,10.1036297108185));
#2741=CARTESIAN_POINT('',(2.25,10.,9.67061700892623));
#2742=CARTESIAN_POINT('Origin',(9.78349364905389,0.,5.64850269189626));
#2743=CARTESIAN_POINT('',(9.56698729810778,0.,6.02350269189626));
#2744=CARTESIAN_POINT('Origin',(10.,9.5,-5.27350269189626));
#2745=CARTESIAN_POINT('',(9.5,10.,-5.48482755730145));
#2746=CARTESIAN_POINT('',(9.56698729810778,9.5,-6.02350269189626));
#2747=CARTESIAN_POINT('',(9.5,10.,-5.48482755730145));
#2748=CARTESIAN_POINT('',(10.,9.5,-5.27350269189626));
#2749=CARTESIAN_POINT('',(9.56698729810778,9.5,-6.02350269189626));
#2750=CARTESIAN_POINT('Origin',(9.75,9.75,2.88675134594813));
#2751=CARTESIAN_POINT('',(9.5,10.,2.88675134594813));
#2752=CARTESIAN_POINT('Origin',(9.78349364905389,0.,-5.64850269189626));
#2753=CARTESIAN_POINT('',(9.56698729810778,0.,-6.02350269189626));
#2754=CARTESIAN_POINT('Origin',(7.37500000000001,9.75,-7.00037201392422));
#2755=CARTESIAN_POINT('',(7.5,9.5,-7.21687836487033));
#2756=CARTESIAN_POINT('',(7.25,10.,-6.78386566297811));
#2757=CARTESIAN_POINT('Origin',(9.5062846483529E-15,0.,-11.2970053837925));
#2758=CARTESIAN_POINT('',(0.433012701892229,0.,-11.2970053837925));
#2759=CARTESIAN_POINT('',(-0.43301270189221,0.,-11.2970053837925));
#2760=CARTESIAN_POINT('Origin',(-2.375,0.25,-9.88712335987235));
#2761=CARTESIAN_POINT('',(-2.5,0.5,-10.1036297108185));
#2762=CARTESIAN_POINT('Origin',(-9.78349364905389,0.,5.64850269189626));
#2763=CARTESIAN_POINT('',(-10.,0.,5.27350269189626));
#2764=CARTESIAN_POINT('',(-9.56698729810778,0.,6.02350269189626));
#2765=CARTESIAN_POINT('Origin',(-10.,0.,-5.77350269189627));
#2766=CARTESIAN_POINT('',(-10.,0.,-5.77350269189627));
#2767=CARTESIAN_POINT('',(-10.,2.75,-2.46125263585104E-15));
#2768=CARTESIAN_POINT('Origin',(-10.,4.,-2.30817178595762E-15));
#2769=CARTESIAN_POINT('Origin',(-2.22044604925031E-15,10.,-2.22044604925031E-15));
#2770=CARTESIAN_POINT('',(-6.5,10.,-2.40548322002117E-15));
#2771=CARTESIAN_POINT('',(-6.5,10.,3.5));
#2772=CARTESIAN_POINT('',(6.5,10.,2.37904933848248E-16));
#2773=CARTESIAN_POINT('Origin',(0.,10.,0.));
#2774=CARTESIAN_POINT('',(6.5,10.,5.55111512312578E-16));
#2775=CARTESIAN_POINT('Origin',(-3.84592537276713E-15,0.,11.5470053837925));
#2776=CARTESIAN_POINT('Origin',(-10.,0.,5.77350269189626));
#2777=CARTESIAN_POINT('Origin',(10.,0.,-5.77350269189626));
#2778=CARTESIAN_POINT('Origin',(6.25,10.25,4.36159045388455E-16));
#2779=CARTESIAN_POINT('',(6.,10.5,0.));
#2780=CARTESIAN_POINT('',(6.5,10.,2.37904933848248E-16));
#2781=CARTESIAN_POINT('',(6.,10.5,3.17206578464331E-16));
#2782=CARTESIAN_POINT('Origin',(0.,10.25,0.));
#2783=CARTESIAN_POINT('',(-6.,10.5,-2.22044604925031E-15));
#2784=CARTESIAN_POINT('',(-6.5,10.,-2.40548322002117E-15));
#2785=CARTESIAN_POINT('Origin',(0.,10.5,0.));
#2786=CARTESIAN_POINT('Origin',(-6.25,10.25,3.5));
#2787=CARTESIAN_POINT('',(-6.,10.5,3.5));
#2788=CARTESIAN_POINT('Origin',(0.,40.75,0.));
#2789=CARTESIAN_POINT('Origin',(0.,41.,0.));
#2790=CARTESIAN_POINT('Origin',(0.,40.5,0.));
#2791=CARTESIAN_POINT('Origin',(0.,41.,-2.22044604925031E-15));
#2792=CARTESIAN_POINT('Ctrl Pts',(2.44424424282691,41.0000000003356,-2.1797465627223));
#2793=CARTESIAN_POINT('Ctrl Pts',(2.50628341686782,41.0000000000324,-2.09317284119059));
#2794=CARTESIAN_POINT('Ctrl Pts',(2.56364069353387,41.0000000012289,-2.0034090834));
#2795=CARTESIAN_POINT('Ctrl Pts',(2.61627126898021,41.0000000036387,-1.91085769784668));
#2796=CARTESIAN_POINT('Ctrl Pts',(2.66908801912877,41.0000000060569,-1.81797892224491));
#2797=CARTESIAN_POINT('Ctrl Pts',(2.71714460892023,41.0000000096996,-1.72229176947411));
#2798=CARTESIAN_POINT('Ctrl Pts',(2.76034412346595,41.0000000140426,-1.62419750968388));
#2799=CARTESIAN_POINT('Ctrl Pts',(2.78025913451726,41.0000000160447,-1.57897597679546));
#2800=CARTESIAN_POINT('Ctrl Pts',(2.7991411891363,41.0000000181921,-1.53324289787513));
#2801=CARTESIAN_POINT('Ctrl Pts',(2.81697708071162,41.0000000204145,-1.48703809144082));
#2802=CARTESIAN_POINT('Ctrl Pts',(2.8544987898319,41.0000000250898,-1.38983614896057));
#2803=CARTESIAN_POINT('Ctrl Pts',(2.8872128542754,41.0000000299107,-1.29101722990972));
#2804=CARTESIAN_POINT('Ctrl Pts',(2.91510837914174,41.0000000349907,-1.19096948715671));
#2805=CARTESIAN_POINT('Ctrl Pts',(2.94303042535847,41.0000000400756,-1.09082662515954));
#2806=CARTESIAN_POINT('Ctrl Pts',(2.96612474073973,41.0000000454225,-0.989451620756706));
#2807=CARTESIAN_POINT('Ctrl Pts',(2.98432832706628,41.0000000508987,-0.887229447074602));
#2808=CARTESIAN_POINT('Ctrl Pts',(3.00218130881202,41.0000000562696,-0.78697609215772));
#2809=CARTESIAN_POINT('Ctrl Pts',(3.01532995452006,41.0000000617664,-0.685907029200251));
#2810=CARTESIAN_POINT('Ctrl Pts',(3.02366659665284,41.0000000669995,-0.584394864071676));
#2811=CARTESIAN_POINT('Ctrl Pts',(3.03135165165608,41.0000000718235,-0.490816831083679));
#2812=CARTESIAN_POINT('Ctrl Pts',(3.03494698922826,41.0000000764223,-0.396861849939443));
#2813=CARTESIAN_POINT('Ctrl Pts',(3.03433260451317,41.0000000802661,-0.302838326978277));
#2814=CARTESIAN_POINT('Ctrl Pts',(3.03368120284204,41.0000000843416,-0.203149844374988));
#2815=CARTESIAN_POINT('Ctrl Pts',(3.02830165235519,41.0000000874666,-0.103867192080874));
#2816=CARTESIAN_POINT('Ctrl Pts',(3.01814258556223,41.0000000900063,-0.00533565932336103));
#2817=CARTESIAN_POINT('Ctrl Pts',(3.00812691531932,41.0000000925101,0.0918050880248286));
#2818=CARTESIAN_POINT('Ctrl Pts',(2.99346552386732,41.0000000944468,0.188216546527089));
#2819=CARTESIAN_POINT('Ctrl Pts',(2.97406216823532,41.0000000958795,0.283551805759091));
#2820=CARTESIAN_POINT('Ctrl Pts',(2.9552600812324,41.0000000972679,0.375932828532827));
#2821=CARTESIAN_POINT('Ctrl Pts',(2.93200508589333,41.000000098184,0.46730387570265));
#2822=CARTESIAN_POINT('Ctrl Pts',(2.90416867057893,41.0000000983983,0.557324560182721));
#2823=CARTESIAN_POINT('Ctrl Pts',(2.87684436604029,41.0000000986087,0.645689120408195));
#2824=CARTESIAN_POINT('Ctrl Pts',(2.84510548911979,41.0000000981443,0.732753049637859));
#2825=CARTESIAN_POINT('Ctrl Pts',(2.80879354861511,41.0000000964915,0.818162402517816));
#2826=CARTESIAN_POINT('Ctrl Pts',(2.80022930435312,41.0000000961017,0.838306370318922));
#2827=CARTESIAN_POINT('Ctrl Pts',(2.79142008529015,41.0000000956389,0.858335640908817));
#2828=CARTESIAN_POINT('Ctrl Pts',(2.78236501508972,41.0000000951135,0.878246372905238));
#2829=CARTESIAN_POINT('Ctrl Pts',(2.74286604155228,41.0000000928219,0.965098651112939));
#2830=CARTESIAN_POINT('Ctrl Pts',(2.69869266420641,41.0000000893672,1.0496978573829));
#2831=CARTESIAN_POINT('Ctrl Pts',(2.65019094699882,41.0000000853932,1.13182642047384));
#2832=CARTESIAN_POINT('Ctrl Pts',(2.60113522560309,41.0000000813738,1.21489308577101));
#2833=CARTESIAN_POINT('Ctrl Pts',(2.54765084300484,41.0000000768268,1.29543296893754));
#2834=CARTESIAN_POINT('Ctrl Pts',(2.49005696788579,41.0000000720228,1.37318384429946));
#2835=CARTESIAN_POINT('Ctrl Pts',(2.43292023836553,41.0000000672569,1.45031757989782));
#2836=CARTESIAN_POINT('Ctrl Pts',(2.37173805249761,41.0000000622407,1.52470687748761));
#2837=CARTESIAN_POINT('Ctrl Pts',(2.30679778153417,41.0000000568066,1.59605137126445));
#2838=CARTESIAN_POINT('Ctrl Pts',(2.26813391966209,41.0000000535713,1.63852815203233));
#2839=CARTESIAN_POINT('Ctrl Pts',(2.2281375256051,41.0000000501794,1.67992475370697));
#2840=CARTESIAN_POINT('Ctrl Pts',(2.18686716388984,41.000000046516,1.7201692024934));
#2841=CARTESIAN_POINT('Ctrl Pts',(2.11896726579683,41.0000000404887,1.78638122142992));
#2842=CARTESIAN_POINT('Ctrl Pts',(2.047891494127,41.0000000340657,1.84921283435319));
#2843=CARTESIAN_POINT('Ctrl Pts',(1.97394320931284,41.0000000281488,1.90840537632332));
#2844=CARTESIAN_POINT('Ctrl Pts',(1.90138411597894,41.000000022343,1.96648592799905));
#2845=CARTESIAN_POINT('Ctrl Pts',(1.82605852326486,41.0000000170261,2.02106314937818));
#2846=CARTESIAN_POINT('Ctrl Pts',(1.74823873637605,41.0000000125905,2.07184525573453));
#2847=CARTESIAN_POINT('Ctrl Pts',(1.70739275686093,41.0000000102624,2.09849972189146));
#2848=CARTESIAN_POINT('Ctrl Pts',(1.66585947399507,41.0000000081693,2.12410781876622));
#2849=CARTESIAN_POINT('Ctrl Pts',(1.62367787533591,41.0000000063131,2.14862156283793));
#2850=CARTESIAN_POINT('Ctrl Pts',(1.5448306369852,41.0000000028435,2.19444346345645));
#2851=CARTESIAN_POINT('Ctrl Pts',(1.46397646152798,41.0000000004494,2.23629503517184));
#2852=CARTESIAN_POINT('Ctrl Pts',(1.38138466592997,41.000000000073,2.27391349730992));
#2853=CARTESIAN_POINT('Ctrl Pts',(1.3720286195569,41.0000000000303,2.27817493845791));
#2854=CARTESIAN_POINT('Ctrl Pts',(1.36265026765458,41.0000000000131,2.282382003593));
#2855=CARTESIAN_POINT('Ctrl Pts',(1.35324999734251,41.0000000000221,2.28653426814291));
#2856=CARTESIAN_POINT('Ctrl Pts',(-1.77932337248153,41.,1.97428540604973));
#2857=CARTESIAN_POINT('Ctrl Pts',(-1.95808716309911,41.,1.85130873153414));
#2858=CARTESIAN_POINT('Ctrl Pts',(-2.12149020993141,41.,1.70637628457302));
#2859=CARTESIAN_POINT('Ctrl Pts',(-2.50646461330525,41.,1.27166623457417));
#2860=CARTESIAN_POINT('Ctrl Pts',(-2.69024222776307,41.,0.954961950691482));
#2861=CARTESIAN_POINT('Ctrl Pts',(-2.93502449731943,41.,0.253321788539184));
#2862=CARTESIAN_POINT('Ctrl Pts',(-2.98740330362956,41.,-0.127032916213131));
#2863=CARTESIAN_POINT('Ctrl Pts',(-2.9457846464225,41.,-0.904283807976042));
#2864=CARTESIAN_POINT('Ctrl Pts',(-2.84555788690211,41.,-1.2933184727397));
#2865=CARTESIAN_POINT('Ctrl Pts',(-2.50270714257079,41.,-2.01652373974399));
#2866=CARTESIAN_POINT('Ctrl Pts',(-2.26203944164134,41.,-2.34320457074458));
#2867=CARTESIAN_POINT('Ctrl Pts',(-1.96798646182809,41.,-2.6177574918356));
#2868=CARTESIAN_POINT('Origin',(-2.59052039079203E-15,38.,7.));
#2869=CARTESIAN_POINT('',(1.25,38.,7.));
#2870=CARTESIAN_POINT('',(1.1100466721748,37.4253538280635,2.41479977826678));
#2871=CARTESIAN_POINT('Ctrl Pts',(1.11000914075046,37.4253538280605,2.41474354153334));
#2872=CARTESIAN_POINT('Ctrl Pts',(1.12278212894897,37.4500179869938,2.45674426532663));
#2873=CARTESIAN_POINT('Ctrl Pts',(1.1345330334728,37.4746880290887,2.49933475503659));
#2874=CARTESIAN_POINT('Ctrl Pts',(1.14529015398342,37.4992722399736,2.54226848873269));
#2875=CARTESIAN_POINT('Ctrl Pts',(1.15590970462245,37.5235420501105,2.5846531546531));
#2876=CARTESIAN_POINT('Ctrl Pts',(1.16556054384491,37.5477282099932,2.62737206787089));
#2877=CARTESIAN_POINT('Ctrl Pts',(1.17431722222784,37.5717424667786,2.67016885599509));
#2878=CARTESIAN_POINT('Ctrl Pts',(1.17667933686253,37.5782203143041,2.68171329272385));
#2879=CARTESIAN_POINT('Ctrl Pts',(1.17897666437711,37.5846856532291,2.69326330007643));
#2880=CARTESIAN_POINT('Ctrl Pts',(1.18121128852445,37.5911367511857,2.70481364384072));
#2881=CARTESIAN_POINT('Ctrl Pts',(1.19125605670239,37.6201348194046,2.75673312462953));
#2882=CARTESIAN_POINT('Ctrl Pts',(1.20011082048325,37.6491125746325,2.80914653241565));
#2883=CARTESIAN_POINT('Ctrl Pts',(1.20781249189356,37.6779791147493,2.86180009610809));
#2884=CARTESIAN_POINT('Ctrl Pts',(1.21551416330387,37.7068456548662,2.91445365980053));
#2885=CARTESIAN_POINT('Ctrl Pts',(1.22206253538975,37.7356009794178,2.96734707923662));
#2886=CARTESIAN_POINT('Ctrl Pts',(1.22754899319709,37.7641541789583,3.02021093377471));
#2887=CARTESIAN_POINT('Ctrl Pts',(1.22808139180267,37.7669249436584,3.02534077226638));
#2888=CARTESIAN_POINT('Ctrl Pts',(1.22860385388472,37.7696947692562,3.03047219667956));
#2889=CARTESIAN_POINT('Ctrl Pts',(1.22911642308715,37.7724635886331,3.03560501687853));
#2890=CARTESIAN_POINT('',(0.919414442889189,37.1531369164931,2.49368634968529));
#2891=CARTESIAN_POINT('Ctrl Pts',(0.919414442889175,37.1531369164931,2.4936863496853));
#2892=CARTESIAN_POINT('Ctrl Pts',(0.992428349893533,37.232405976556,2.46676634804193));
#2893=CARTESIAN_POINT('Ctrl Pts',(1.05796327502499,37.324672887015,2.43881089656254));
#2894=CARTESIAN_POINT('Ctrl Pts',(1.11008187877164,37.4253538284972,2.41485253189979));
#2895=CARTESIAN_POINT('Ctrl Pts',(-0.778075617761766,37.0216859742165,2.54133686697731));
#2896=CARTESIAN_POINT('Ctrl Pts',(-0.70220613680266,36.961345233196,2.68980729479509));
#2897=CARTESIAN_POINT('Ctrl Pts',(-0.607002237405353,36.8999247647132,2.83837734705063));
#2898=CARTESIAN_POINT('Ctrl Pts',(-0.430590707978529,36.8247156198324,3.0237426932049));
#2899=CARTESIAN_POINT('Ctrl Pts',(-0.363161528634222,36.8014382630395,3.08188294751853));
#2900=CARTESIAN_POINT('Ctrl Pts',(-0.23828956146453,36.7718519043545,3.15954640290325));
#2901=CARTESIAN_POINT('Ctrl Pts',(-0.184867640104983,36.7624355049527,3.18558678815437));
#2902=CARTESIAN_POINT('Ctrl Pts',(-0.0888056717128791,36.7525288094891,
3.21722395189593));
#2903=CARTESIAN_POINT('Ctrl Pts',(-0.0483155915076829,36.7502480571738,
3.2264647122856));
#2904=CARTESIAN_POINT('Ctrl Pts',(0.0104508842987311,36.7499231000388,3.23352035135009));
#2905=CARTESIAN_POINT('Ctrl Pts',(0.0278723169714516,36.7501885516085,3.23484174749683));
#2906=CARTESIAN_POINT('Ctrl Pts',(0.0537413943149834,36.7511274930454,3.23565028588208));
#2907=CARTESIAN_POINT('Ctrl Pts',(0.0621412982999065,36.7515172429193,3.23573310714923));
#2908=CARTESIAN_POINT('Ctrl Pts',(0.0719264316944406,36.7520703059236,3.23562036710352));
#2909=CARTESIAN_POINT('Ctrl Pts',(0.0733143110049843,36.7521510731159,3.23559946874223));
#2910=CARTESIAN_POINT('Ctrl Pts',(0.0754278933836643,36.7522776103074,3.2355601719141));
#2911=CARTESIAN_POINT('Ctrl Pts',(0.0761537425556647,36.7523217016171,3.23554533405659));
#2912=CARTESIAN_POINT('Ctrl Pts',(0.0774706026820065,36.7524028469017,3.23551597972491));
#2913=CARTESIAN_POINT('Ctrl Pts',(0.0780616328657961,36.7524396879817,3.23550191479866));
#2914=CARTESIAN_POINT('Ctrl Pts',(0.0793317119128353,36.7525197626856,3.23546977782449));
#2915=CARTESIAN_POINT('Ctrl Pts',(0.0800107416255976,36.7525631301972,3.23545142108842));
#2916=CARTESIAN_POINT('Ctrl Pts',(0.0818327286677931,36.7526809884832,3.23539901354116));
#2917=CARTESIAN_POINT('Ctrl Pts',(0.0829755465655888,36.7527564912322,3.23536281192737));
#2918=CARTESIAN_POINT('Ctrl Pts',(0.0881569168259273,36.7531059612688,3.23518359046054));
#2919=CARTESIAN_POINT('Ctrl Pts',(0.0921924915322524,36.7533978580413,3.23500242164726));
#2920=CARTESIAN_POINT('Ctrl Pts',(0.151889888431934,36.7580070275291,3.23170871565064));
#2921=CARTESIAN_POINT('Ctrl Pts',(0.205899044441489,36.7659294259715,3.22082572520495));
#2922=CARTESIAN_POINT('Ctrl Pts',(0.337555121030807,36.7936902683761,3.17672262513799));
#2923=CARTESIAN_POINT('Ctrl Pts',(0.410283039747798,36.817149534617,3.13547188575509));
#2924=CARTESIAN_POINT('Ctrl Pts',(0.546372710480866,36.8731214546091,3.03345297919756));
#2925=CARTESIAN_POINT('Ctrl Pts',(0.609587985606927,36.9067440037692,2.97037834244203));
#2926=CARTESIAN_POINT('Ctrl Pts',(0.764592434632608,37.0041617517897,2.78501279497365));
#2927=CARTESIAN_POINT('Ctrl Pts',(0.846038322311185,37.0748429342371,2.64764497202015));
#2928=CARTESIAN_POINT('Ctrl Pts',(0.914258585768244,37.1475647918728,2.50465065852097));
#2929=CARTESIAN_POINT('Ctrl Pts',(0.916846950582331,37.1503494653041,2.49917251883924));
#2930=CARTESIAN_POINT('Ctrl Pts',(0.919414442911271,37.1531369165171,2.493686349638));
#2931=CARTESIAN_POINT('Ctrl Pts',(-1.19067743857954,37.6194908184318,3.05088712299527));
#2932=CARTESIAN_POINT('Ctrl Pts',(-1.18185983779329,37.5918990576357,3.00404795200975));
#2933=CARTESIAN_POINT('Ctrl Pts',(-1.17196070234667,37.5641862296172,2.95729020256818));
#2934=CARTESIAN_POINT('Ctrl Pts',(-1.16088413587114,37.5364469719538,2.91082139596499));
#2935=CARTESIAN_POINT('Ctrl Pts',(-1.1497172375888,37.5084814946158,2.86397362614514));
#2936=CARTESIAN_POINT('Ctrl Pts',(-1.13735379733837,37.4804891550925,2.81741985146851));
#2937=CARTESIAN_POINT('Ctrl Pts',(-1.1237443479378,37.4525669211255,2.77135214691397));
#2938=CARTESIAN_POINT('Ctrl Pts',(-1.12145306626748,37.4478659445466,2.76359620588116));
#2939=CARTESIAN_POINT('Ctrl Pts',(-1.11912657375006,37.4431669550915,2.75585398932391));
#2940=CARTESIAN_POINT('Ctrl Pts',(-1.11676476249148,37.4384704154836,2.74812634748469));
#2941=CARTESIAN_POINT('Ctrl Pts',(-1.10464951573329,37.414378847602,2.70848630961086));
#2942=CARTESIAN_POINT('Ctrl Pts',(-1.09154279371784,37.3902162830893,2.66900604301559));
#2943=CARTESIAN_POINT('Ctrl Pts',(-1.07734565773322,37.3660805593133,2.62988177366893));
#2944=CARTESIAN_POINT('Ctrl Pts',(-1.06299077555758,37.3416766604281,2.59032278956904));
#2945=CARTESIAN_POINT('Ctrl Pts',(-1.04752133599064,37.3173002022989,2.55112808783544));
#2946=CARTESIAN_POINT('Ctrl Pts',(-1.03088151459452,37.2930523119052,2.51247401630759));
#2947=CARTESIAN_POINT('Ctrl Pts',(-1.02323122103598,37.2819041465931,2.49470249175925));
#2948=CARTESIAN_POINT('Ctrl Pts',(-1.01533415504397,37.2707831574818,2.47704484779727));
#2949=CARTESIAN_POINT('Ctrl Pts',(-1.00718789388854,37.2596991715743,2.45951609611798));
#2950=CARTESIAN_POINT('',(-1.22363997992972,38.2550266545795,2.35919781113449));
#2951=CARTESIAN_POINT('Ctrl Pts',(-1.22361252506314,38.2550266545792,2.35915346747296));
#2952=CARTESIAN_POINT('Ctrl Pts',(-1.23086000818041,38.2203181632863,2.42678919737056));
#2953=CARTESIAN_POINT('Ctrl Pts',(-1.23657618272099,38.1855977764936,2.49482171043548));
#2954=CARTESIAN_POINT('Ctrl Pts',(-1.24079988055367,38.1509729887983,2.56295213054339));
#2955=CARTESIAN_POINT('Ctrl Pts',(-1.24345515958382,38.1292056947511,2.60578314805312));
#2956=CARTESIAN_POINT('Ctrl Pts',(-1.24552162497083,38.1074761834483,2.64865267323081));
#2957=CARTESIAN_POINT('Ctrl Pts',(-1.24701939971962,38.0858111655776,2.69148529892802));
#2958=CARTESIAN_POINT('Ctrl Pts',(-1.24988191175478,38.0444054906277,2.77334601039653));
#2959=CARTESIAN_POINT('Ctrl Pts',(-1.25067324224135,38.0030081473289,2.85552620034289));
#2960=CARTESIAN_POINT('Ctrl Pts',(-1.24941430012337,37.9617711661229,2.93763992566821));
#2961=CARTESIAN_POINT('Ctrl Pts',(-1.24895114015932,37.9466002393103,2.96784924945433));
#2962=CARTESIAN_POINT('Ctrl Pts',(-1.24821099122872,37.9314510172521,2.99804954049555));
#2963=CARTESIAN_POINT('Ctrl Pts',(-1.24719666060183,37.9163310703811,3.0282215060632));
#2964=CARTESIAN_POINT('',(-1.13679534167898,38.5188913377621,2.40130857881892));
#2965=CARTESIAN_POINT('Ctrl Pts',(-1.13721228411548,38.5188913381979,2.4021954019723));
#2966=CARTESIAN_POINT('Ctrl Pts',(-1.14280371034452,38.5066370604228,2.3995483905809));
#2967=CARTESIAN_POINT('Ctrl Pts',(-1.14820213804508,38.4942811558212,2.39696885125942));
#2968=CARTESIAN_POINT('Ctrl Pts',(-1.18393679021439,38.4087401631965,2.37975566323233));
#2969=CARTESIAN_POINT('Ctrl Pts',(-1.2075929052948,38.3323528436299,2.36766624882594));
#2970=CARTESIAN_POINT('Ctrl Pts',(-1.2237080556507,38.2550266545591,2.35930776350513));
#2971=CARTESIAN_POINT('',(-0.855616895881849,38.9112736841814,3.16125682719413));
#2972=CARTESIAN_POINT('Ctrl Pts',(-0.855616895881765,38.9112736841815,3.16125682719426));
#2973=CARTESIAN_POINT('Ctrl Pts',(-0.881830620059142,38.8866609847263,3.11416931745041));
#2974=CARTESIAN_POINT('Ctrl Pts',(-0.906360466289827,38.8615115750303,3.06587075721305));
#2975=CARTESIAN_POINT('Ctrl Pts',(-0.929255201533009,38.8360433761718,3.01682306757177));
#2976=CARTESIAN_POINT('Ctrl Pts',(-0.952106424331788,38.8106235807377,2.96786859520713));
#2977=CARTESIAN_POINT('Ctrl Pts',(-0.973328821118808,38.7848862073247,2.9181681072346));
#2978=CARTESIAN_POINT('Ctrl Pts',(-0.993020724244845,38.7590479293104,2.86816658942752));
#2979=CARTESIAN_POINT('Ctrl Pts',(-1.00415665875322,38.7444361688353,2.83989031648147));
#2980=CARTESIAN_POINT('Ctrl Pts',(-1.01480403961331,38.7297921389199,2.81151749256999));
#2981=CARTESIAN_POINT('Ctrl Pts',(-1.0249875905194,38.7151550226263,2.78312606556779));
#2982=CARTESIAN_POINT('Ctrl Pts',(-1.04886927755151,38.6808291736569,2.71654465596771));
#2983=CARTESIAN_POINT('Ctrl Pts',(-1.07051204504497,38.6460451175262,2.64890692671503));
#2984=CARTESIAN_POINT('Ctrl Pts',(-1.09004014028959,38.6110693958145,2.58076832409593));
#2985=CARTESIAN_POINT('Ctrl Pts',(-1.10714671001265,38.5804307383017,2.52107905374289));
#2986=CARTESIAN_POINT('Ctrl Pts',(-1.12263098967969,38.549645002264,2.46100531685936));
#2987=CARTESIAN_POINT('Ctrl Pts',(-1.13660608102108,38.5188913377066,2.40090602790202));
#2988=CARTESIAN_POINT('',(0.735787675172543,39.0105030910711,3.19127584158189));
#2989=CARTESIAN_POINT('Ctrl Pts',(0.735787675172543,39.0105030910711,3.19127584158189));
#2990=CARTESIAN_POINT('Ctrl Pts',(0.657941536058638,39.0671859752957,3.20922422102733));
#2991=CARTESIAN_POINT('Ctrl Pts',(0.571640579667639,39.1160011671294,3.22603901248528));
#2992=CARTESIAN_POINT('Ctrl Pts',(0.326804418590571,39.217967585898,3.26235945876968));
#2993=CARTESIAN_POINT('Ctrl Pts',(0.158647899130908,39.25,3.275));
#2994=CARTESIAN_POINT('Ctrl Pts',(-0.158647899130911,39.25,3.275));
#2995=CARTESIAN_POINT('Ctrl Pts',(-0.326804418590572,39.217967585898,3.26235945876968));
#2996=CARTESIAN_POINT('Ctrl Pts',(-0.621451978546743,39.0952563149996,3.21864969454556));
#2997=CARTESIAN_POINT('Ctrl Pts',(-0.750514825556548,39.0099565592863,3.18970345841653));
#2998=CARTESIAN_POINT('Ctrl Pts',(-0.85561689588185,38.9112736841814,3.16125682719413));
#2999=CARTESIAN_POINT('Ctrl Pts',(1.0420633370161,38.6897309424675,2.44342697586628));
#3000=CARTESIAN_POINT('Ctrl Pts',(1.0222248316978,38.719781049238,2.51528056858853));
#3001=CARTESIAN_POINT('Ctrl Pts',(1.00037382829797,38.7500702352514,2.58695259827953));
#3002=CARTESIAN_POINT('Ctrl Pts',(0.976318248806754,38.7802407021248,2.657819353126));
#3003=CARTESIAN_POINT('Ctrl Pts',(0.959031431506711,38.8019217989734,2.70874561096674));
#3004=CARTESIAN_POINT('Ctrl Pts',(0.940607212078297,38.8235415859223,2.75925532593457));
#3005=CARTESIAN_POINT('Ctrl Pts',(0.920987951954347,38.8449672667981,2.8091079262797));
#3006=CARTESIAN_POINT('Ctrl Pts',(0.901294699462823,38.8664737528033,2.85914854145853));
#3007=CARTESIAN_POINT('Ctrl Pts',(0.880191542197201,38.888030353027,2.90908913644634));
#3008=CARTESIAN_POINT('Ctrl Pts',(0.857559860869458,38.9094064118674,2.95847778102852));
#3009=CARTESIAN_POINT('Ctrl Pts',(0.834880307331501,38.9308276869322,3.0079708961333));
#3010=CARTESIAN_POINT('Ctrl Pts',(0.810665691637712,38.9520676553669,3.05690946556351));
#3011=CARTESIAN_POINT('Ctrl Pts',(0.784846581339279,38.9728941807407,3.10482314475544));
#3012=CARTESIAN_POINT('Ctrl Pts',(0.771211553872191,38.983892632749,3.13012627581922));
#3013=CARTESIAN_POINT('Ctrl Pts',(0.757129894351467,38.9947757803649,3.15514334087669));
#3014=CARTESIAN_POINT('Ctrl Pts',(0.742597079186213,39.0055094338568,3.17980369729704));
#3015=CARTESIAN_POINT('Ctrl Pts',(0.740339751638948,39.0071766519034,3.18363409775565));
#3016=CARTESIAN_POINT('Ctrl Pts',(0.738069964128974,39.0088412652932,3.18745827195536));
#3017=CARTESIAN_POINT('Ctrl Pts',(0.735787675172459,39.0105030910711,3.19127584158201));
#3018=CARTESIAN_POINT('Ctrl Pts',(1.24778942716682,38.0743071022903,3.02797730266439));
#3019=CARTESIAN_POINT('Ctrl Pts',(1.24580530380513,38.1076251577199,2.96878462898825));
#3020=CARTESIAN_POINT('Ctrl Pts',(1.24247251500847,38.1411323694073,2.90955587719602));
#3021=CARTESIAN_POINT('Ctrl Pts',(1.237716164193,38.1747335884587,2.85052952722267));
#3022=CARTESIAN_POINT('Ctrl Pts',(1.23424483010468,38.1992568125915,2.80745024465494));
#3023=CARTESIAN_POINT('Ctrl Pts',(1.23001632770726,38.223830110027,2.76447863709234));
#3024=CARTESIAN_POINT('Ctrl Pts',(1.22501859705155,38.2484164929119,2.72170339027632));
#3025=CARTESIAN_POINT('Ctrl Pts',(1.21913675190678,38.2773522853268,2.6713610659028));
#3026=CARTESIAN_POINT('Ctrl Pts',(1.21216643775213,38.3064503372372,2.62103772615133));
#3027=CARTESIAN_POINT('Ctrl Pts',(1.20401815454342,38.3356240624561,2.57094834872578));
#3028=CARTESIAN_POINT('Ctrl Pts',(1.19583216790613,38.3649327792354,2.52062719962312));
#3029=CARTESIAN_POINT('Ctrl Pts',(1.18645740794882,38.394317870958,2.47054250504878));
#3030=CARTESIAN_POINT('Ctrl Pts',(1.17585330458425,38.4236915499911,2.42089649531054));
#3031=CARTESIAN_POINT('Ctrl Pts',(1.17475258633729,38.4267405719952,2.41574318183094));
#3032=CARTESIAN_POINT('Ctrl Pts',(1.17363866554944,38.4297894710389,2.41059457860328));
#3033=CARTESIAN_POINT('Ctrl Pts',(1.17251152661912,38.4328381489441,2.40545090002045));
#3034=CARTESIAN_POINT('Ctrl Pts',(1.17116636912607,38.436476522012,2.39931229758085));
#3035=CARTESIAN_POINT('Ctrl Pts',(1.16980157817706,38.4401159919241,2.39317842313788));
#3036=CARTESIAN_POINT('Ctrl Pts',(1.1684170027899,38.443756344769,2.38704976839524));
#3037=CARTESIAN_POINT('Origin',(-2.59052039079203E-15,13.,7.));
#3038=CARTESIAN_POINT('',(1.25,13.,7.));
#3039=CARTESIAN_POINT('Origin',(0.,5.23489690354565,0.));
#3040=CARTESIAN_POINT('Ctrl Pts',(-3.275034183176,35.1377993029682,-0.000187654773219224));
#3041=CARTESIAN_POINT('Ctrl Pts',(-3.27429207459502,35.1679086188215,0.487546550140756));
#3042=CARTESIAN_POINT('Ctrl Pts',(-3.16471020661138,35.1980179346749,0.975592328317288));
#3043=CARTESIAN_POINT('Ctrl Pts',(-2.95392069420905,35.2281272505282,1.4154459468979));
#3044=CARTESIAN_POINT('Ctrl Pts',(-2.68117292020712,35.2670867261783,1.98458761807163));
#3045=CARTESIAN_POINT('Ctrl Pts',(-2.2389766386497,35.3060462018283,2.47304279993608));
#3046=CARTESIAN_POINT('Ctrl Pts',(-1.6998131977042,35.3450056774784,2.80031213872531));
#3047=CARTESIAN_POINT('Ctrl Pts',(-1.16064975675869,35.3839651531284,3.12758147751454));
#3048=CARTESIAN_POINT('Ctrl Pts',(-0.524519156425097,35.4229246287785,3.29366497322854));
#3049=CARTESIAN_POINT('Ctrl Pts',(0.106477200892428,35.4618841044285,3.27343968814304));
#3050=CARTESIAN_POINT('Ctrl Pts',(0.737473558209954,35.5008435800786,3.25321440305755));
#3051=CARTESIAN_POINT('Ctrl Pts',(1.36333567251141,35.5398030557286,3.04668033717256));
#3052=CARTESIAN_POINT('Ctrl Pts',(1.87948344424594,35.5787625313786,2.68428671376565));
#3053=CARTESIAN_POINT('Ctrl Pts',(2.56768047322529,35.630708498912,2.20109521588979));
#3054=CARTESIAN_POINT('Ctrl Pts',(3.06082978208566,35.6826544664454,1.44082006019723));
#3055=CARTESIAN_POINT('Ctrl Pts',(3.21863855417666,35.7346004339788,0.615780072540365));
#3056=CARTESIAN_POINT('Ctrl Pts',(3.37644732626766,35.7865464015122,-0.209259915116526));
#3057=CARTESIAN_POINT('Ctrl Pts',(3.19891556158925,35.8384923690456,-1.09906473473771));
#3058=CARTESIAN_POINT('Ctrl Pts',(2.73696533768094,35.890438336579,-1.80113699286478));
#3059=CARTESIAN_POINT('Ctrl Pts',(2.27501511377264,35.9423843041124,-2.50320925099182));
#3060=CARTESIAN_POINT('Ctrl Pts',(1.52864643063446,35.9943302716457,-3.01754894762475));
#3061=CARTESIAN_POINT('Ctrl Pts',(0.708077016291533,36.0462762391791,-3.1991899357447));
#3062=CARTESIAN_POINT('Ctrl Pts',(-0.112492398051391,36.0982222067125,-3.38083092386464));
#3063=CARTESIAN_POINT('Ctrl Pts',(-1.00726254359905,36.1501681742459,-3.22977320347159));
#3064=CARTESIAN_POINT('Ctrl Pts',(-1.72211190825136,36.2021141417793,-2.78832560462243));
#3065=CARTESIAN_POINT('Ctrl Pts',(-2.43696127290366,36.2540601093127,-2.34687800577326));
#3066=CARTESIAN_POINT('Ctrl Pts',(-2.97188985666061,36.3060060768461,-1.61504052846797));
#3067=CARTESIAN_POINT('Ctrl Pts',(-3.17712108066821,36.3579520443795,-0.799867946023628));
#3068=CARTESIAN_POINT('Ctrl Pts',(-3.24276758772035,36.3745677973698,-0.539121887810974));
#3069=CARTESIAN_POINT('Ctrl Pts',(-3.27468133725281,36.3911835503601,-0.26984945590619));
#3070=CARTESIAN_POINT('Ctrl Pts',(-3.27396046345183,36.4077993033504,-0.000383271621695234));
#3071=CARTESIAN_POINT('',(-2.26892009530304,35.,2.36169993884279));
#3072=CARTESIAN_POINT('Ctrl Pts',(-3.27879698619124,36.1072006968789,0.0013214362540043));
#3073=CARTESIAN_POINT('Ctrl Pts',(-3.27399334026799,36.0499779429707,-0.92356573171811));
#3074=CARTESIAN_POINT('Ctrl Pts',(-2.85721094971932,35.9927551890624,-1.85199723066332));
#3075=CARTESIAN_POINT('Ctrl Pts',(-2.16403546833315,35.9355324351542,-2.46202712809823));
#3076=CARTESIAN_POINT('Ctrl Pts',(-1.40852231805684,35.8731636061439,-3.12691736433701));
#3077=CARTESIAN_POINT('Ctrl Pts',(-0.324668366983056,35.8107947771336,-3.41356284598263));
#3078=CARTESIAN_POINT('Ctrl Pts',(0.664187418512492,35.7484259481234,-3.21131388245955));
#3079=CARTESIAN_POINT('Ctrl Pts',(1.32342460884286,35.7068467287832,-3.07648124011082));
#3080=CARTESIAN_POINT('Ctrl Pts',(1.94044039224954,35.665267509443,-2.7243621776871));
#3081=CARTESIAN_POINT('Ctrl Pts',(2.39876903443502,35.6236882901028,-2.23028864665327));
#3082=CARTESIAN_POINT('Ctrl Pts',(2.85709767662049,35.5821090707626,-1.73621511561945));
#3083=CARTESIAN_POINT('Ctrl Pts',(3.15673917758478,35.5405298514224,-1.10018711597551));
#3084=CARTESIAN_POINT('Ctrl Pts',(3.24631925976876,35.4989506320822,-0.432815030160571));
#3085=CARTESIAN_POINT('Ctrl Pts',(3.33589934195274,35.4573714127421,0.234557055654348));
#3086=CARTESIAN_POINT('Ctrl Pts',(3.21541800535642,35.4157921934019,0.933273227640257));
#3087=CARTESIAN_POINT('Ctrl Pts',(2.90014339394811,35.3742129740617,1.52760269261245));
#3088=CARTESIAN_POINT('Ctrl Pts',(2.4272314768356,35.3118441450514,2.41909689007082));
#3089=CARTESIAN_POINT('Ctrl Pts',(1.516034691396,35.2494753160411,3.07572099674824));
#3090=CARTESIAN_POINT('Ctrl Pts',(0.524180056457869,35.1871064870308,3.23639791214748));
#3091=CARTESIAN_POINT('Ctrl Pts',(-0.46767457848017,35.1247376580205,3.39707482754671));
#3092=CARTESIAN_POINT('Ctrl Pts',(-1.54018706291674,35.0623688290103,3.06180455166784));
#3093=CARTESIAN_POINT('Ctrl Pts',(-2.2689200953031,35.,2.36169993884273));
#3094=CARTESIAN_POINT('Origin',(0.,35.,0.));
#3095=CARTESIAN_POINT('Origin',(0.,5.23489690354565,0.));
#3096=CARTESIAN_POINT('Ctrl Pts',(-3.27402026476036,38.9477993030438,-0.000326314756861174));
#3097=CARTESIAN_POINT('Ctrl Pts',(-3.27260633254405,38.9817122247613,0.549437121012562));
#3098=CARTESIAN_POINT('Ctrl Pts',(-3.13464691638212,39.0156251464789,1.09986263765116));
#3099=CARTESIAN_POINT('Ctrl Pts',(-2.87011851863426,39.0495380681965,1.58060256021639));
#3100=CARTESIAN_POINT('Ctrl Pts',(-2.5078794554554,39.0959776380016,2.23891667947666));
#3101=CARTESIAN_POINT('Ctrl Pts',(-1.90829913052501,39.1424172078066,2.76655686412799));
#3102=CARTESIAN_POINT('Ctrl Pts',(-1.20947940855388,39.1888567776117,3.04420897503989));
#3103=CARTESIAN_POINT('Ctrl Pts',(-0.510659686582766,39.2352963474167,3.32186108595179));
#3104=CARTESIAN_POINT('Ctrl Pts',(0.287399432429074,39.2817359172218,3.34952512312428));
#3105=CARTESIAN_POINT('Ctrl Pts',(1.00285151010387,39.3281754870268,3.11950354715816));
#3106=CARTESIAN_POINT('Ctrl Pts',(1.71830358777869,39.3746150568319,2.88948197119202));
#3107=CARTESIAN_POINT('Ctrl Pts',(2.35114862411645,39.421054626637,2.40177478208725));
#3108=CARTESIAN_POINT('Ctrl Pts',(2.75708583383657,39.467494196442,1.76891806389222));
#3109=CARTESIAN_POINT('Ctrl Pts',(3.16302304355668,39.5139337662471,1.13606134569722));
#3110=CARTESIAN_POINT('Ctrl Pts',(3.34205242665917,39.5603733360521,0.35805509841197));
#3111=CARTESIAN_POINT('Ctrl Pts',(3.25323928032168,39.6068129058572,-0.388178242745052));
#3112=CARTESIAN_POINT('Ctrl Pts',(3.16442613398419,39.6532524756622,-1.13441158390211));
#3113=CARTESIAN_POINT('Ctrl Pts',(2.80777045820669,39.6996920454673,-1.84887201893094));
#3114=CARTESIAN_POINT('Ctrl Pts',(2.26374386430396,39.7461316152724,-2.36843415067613));
#3115=CARTESIAN_POINT('Ctrl Pts',(1.71971727040126,39.7925711850774,-2.8879962824213));
#3116=CARTESIAN_POINT('Ctrl Pts',(0.988319758373345,39.8390107548825,-3.21266011088283));
#3117=CARTESIAN_POINT('Ctrl Pts',(0.239378023083164,39.8854503246875,-3.26769446131688));
#3118=CARTESIAN_POINT('Ctrl Pts',(-0.509563712207048,39.9318898944926,-3.32272881175092));
#3119=CARTESIAN_POINT('Ctrl Pts',(-1.27604967075952,39.9783294642976,-3.10813368415746));
#3120=CARTESIAN_POINT('Ctrl Pts',(-1.89118160954621,40.0247690341027,-2.6739542101003));
#3121=CARTESIAN_POINT('Ctrl Pts',(-2.50631354833287,40.0712086039077,-2.23977473604317));
#3122=CARTESIAN_POINT('Ctrl Pts',(-2.97009146735377,40.1176481737128,-1.58601091552234));
#3123=CARTESIAN_POINT('Ctrl Pts',(-3.16387984913639,40.1640877435178,-0.861406706184044));
#3124=CARTESIAN_POINT('Ctrl Pts',(-3.23859110751819,40.1819915965091,-0.582049957289018));
#3125=CARTESIAN_POINT('Ctrl Pts',(-3.27317288287055,40.1998954495003,-0.292163955260966));
#3126=CARTESIAN_POINT('Ctrl Pts',(-3.27010035172383,40.2177993024916,-0.00190914435969576));
#3127=CARTESIAN_POINT('Ctrl Pts',(-3.27542632521967,39.9172006971055,-0.000136699398279899));
#3128=CARTESIAN_POINT('Ctrl Pts',(-3.27551219046382,39.9128426751767,-0.0707368623410778));
#3129=CARTESIAN_POINT('Ctrl Pts',(-3.27328847287535,39.9084846532479,-0.141330205301553));
#3130=CARTESIAN_POINT('Ctrl Pts',(-3.26872250900992,39.9041266313192,-0.211769797095132));
#3131=CARTESIAN_POINT('Ctrl Pts',(-3.22971156875649,39.8668923171422,-0.813595564430518));
#3132=CARTESIAN_POINT('Ctrl Pts',(-3.01972254184874,39.8296580029652,-1.40419788332009));
#3133=CARTESIAN_POINT('Ctrl Pts',(-2.67066415801765,39.7924236887882,-1.89588588246204));
#3134=CARTESIAN_POINT('Ctrl Pts',(-2.32160577418659,39.7551893746112,-2.38757388160397));
#3135=CARTESIAN_POINT('Ctrl Pts',(-1.83347803343221,39.7179550604342,-2.78034756099829));
#3136=CARTESIAN_POINT('Ctrl Pts',(-1.27817015365602,39.6807207462572,-3.01566673997717));
#3137=CARTESIAN_POINT('Ctrl Pts',(-0.722862273879826,39.6434864320801,-3.25098591895606));
#3138=CARTESIAN_POINT('Ctrl Pts',(-0.100374255081825,39.6062521179031,-3.32885059751952));
#3139=CARTESIAN_POINT('Ctrl Pts',(0.495532141074749,39.5690178037261,-3.23764708851923));
#3140=CARTESIAN_POINT('Ctrl Pts',(1.09143853723132,39.5317834895491,-3.14644357951895));
#3141=CARTESIAN_POINT('Ctrl Pts',(1.66076331074647,39.4945491753721,-2.88617188295493));
#3142=CARTESIAN_POINT('Ctrl Pts',(2.12090603266827,39.4573148611951,-2.49583172369872));
#3143=CARTESIAN_POINT('Ctrl Pts',(2.58104875459007,39.4200805470181,-2.10549156444251));
#3144=CARTESIAN_POINT('Ctrl Pts',(2.93200942491854,39.3828462328411,-1.5850829424941));
#3145=CARTESIAN_POINT('Ctrl Pts',(3.11662042791712,39.3456119186641,-1.01136726899233));
#3146=CARTESIAN_POINT('Ctrl Pts',(3.39353693241499,39.2897604473986,-0.150793758739683));
#3147=CARTESIAN_POINT('Ctrl Pts',(3.29616668542061,39.2339089761331,0.829720617508028));
#3148=CARTESIAN_POINT('Ctrl Pts',(2.85218191699609,39.1780575048676,1.61440998695883));
#3149=CARTESIAN_POINT('Ctrl Pts',(2.40819714857156,39.1222060336021,2.39909935640963));
#3150=CARTESIAN_POINT('Ctrl Pts',(1.61759785871688,39.0663545623366,2.98796371906353));
#3151=CARTESIAN_POINT('Ctrl Pts',(0.735787675172526,39.0105030910711,3.19127584158189));
#3152=CARTESIAN_POINT('Ctrl Pts',(-0.855616895881828,38.9112736841814,3.16125682719414));
#3153=CARTESIAN_POINT('Ctrl Pts',(-1.70375766836874,38.8570446320124,2.93170142733434));
#3154=CARTESIAN_POINT('Ctrl Pts',(-2.45105303679347,38.8028155798435,2.34322199366435));
#3155=CARTESIAN_POINT('Ctrl Pts',(-2.87251007444209,38.7485865276745,1.57499688456387));
#3156=CARTESIAN_POINT('Ctrl Pts',(-3.13516001499031,38.7147912506811,1.09624279765002));
#3157=CARTESIAN_POINT('Ctrl Pts',(-3.27126344755216,38.6809959736876,0.547680510156441));
#3158=CARTESIAN_POINT('Ctrl Pts',(-3.27325326447708,38.6472006966942,-0.000427112238194144));
#3159=CARTESIAN_POINT('Ctrl Pts',(1.01050004462678,38.4305719865339,2.4581871751382));
#3160=CARTESIAN_POINT('Ctrl Pts',(1.43408502009726,38.4654016638877,2.28406185183279));
#3161=CARTESIAN_POINT('Ctrl Pts',(2.18322151401504,38.5350610185953,1.7141172086075));
#3162=CARTESIAN_POINT('Ctrl Pts',(2.95145384268314,38.6743797280104,-0.0333338930597864));
#3163=CARTESIAN_POINT('Ctrl Pts',(2.13566155654302,38.8253083298769,-2.12699307186854));
#3164=CARTESIAN_POINT('Ctrl Pts',(-0.0204946980588898,38.9878468241946,
-2.87576623730602));
#3165=CARTESIAN_POINT('Ctrl Pts',(-1.53521756181884,39.1039457487072,-2.32226149687295));
#3166=CARTESIAN_POINT('Ctrl Pts',(-2.33654125328287,39.1968248883173,-1.37292116258691));
#3167=CARTESIAN_POINT('Ctrl Pts',(-2.77502833712636,39.2897040279274,-0.214368364894388));
#3168=CARTESIAN_POINT('Ctrl Pts',(-2.5230153744232,39.4058029524401,1.38658049615236));
#3169=CARTESIAN_POINT('Ctrl Pts',(-1.06438420303725,39.5451216618552,2.67243944894533));
#3170=CARTESIAN_POINT('Ctrl Pts',(0.878517637669437,39.6844403712704,2.74147107369157));
#3171=CARTESIAN_POINT('Ctrl Pts',(2.42027344426329,39.8237590806856,1.5554285340323));
#3172=CARTESIAN_POINT('Ctrl Pts',(2.85777792995013,39.9630777901007,-0.338333701233467));
#3173=CARTESIAN_POINT('Ctrl Pts',(1.99096615352605,40.1023964995159,-2.07851493444643));
#3174=CARTESIAN_POINT('Ctrl Pts',(0.210984539302684,40.2417152089311,-2.87048386998067));
#3175=CARTESIAN_POINT('Ctrl Pts',(-1.65555922840411,40.3810339183463,-2.34964321592918));
#3176=CARTESIAN_POINT('Ctrl Pts',(-2.97446837308412,40.543572412664,-0.49384853293262));
#3177=CARTESIAN_POINT('Ctrl Pts',(-2.29122922685453,40.7293306918842,2.20384980262548));
#3178=CARTESIAN_POINT('Ctrl Pts',(0.727350941361489,40.9383087560069,3.10294197831206));
#3179=CARTESIAN_POINT('Ctrl Pts',(3.03174199729494,41.1472868201297,0.953150393013665));
#3180=CARTESIAN_POINT('Ctrl Pts',(2.59416388944114,41.2866055295449,-1.08308987695686));
#3181=CARTESIAN_POINT('Ctrl Pts',(1.98512121148301,41.3562648842524,-1.767226160944));
#3182=CARTESIAN_POINT('Ctrl Pts',(1.08969083618899,38.311825215455,2.64808328042307));
#3183=CARTESIAN_POINT('Ctrl Pts',(1.54599799823412,38.3466548928088,2.46031226946004));
#3184=CARTESIAN_POINT('Ctrl Pts',(2.35290254578603,38.4163142475164,1.84595256766469));
#3185=CARTESIAN_POINT('Ctrl Pts',(3.17991883683654,38.5556329569315,-0.0370740303031904));
#3186=CARTESIAN_POINT('Ctrl Pts',(2.30015153540815,38.706561558798,-2.29248689528031));
#3187=CARTESIAN_POINT('Ctrl Pts',(-0.023211217055027,38.8691000531157,-3.09837701447622));
#3188=CARTESIAN_POINT('Ctrl Pts',(-1.65497428001823,38.9851989776284,-2.50142916740766));
#3189=CARTESIAN_POINT('Ctrl Pts',(-2.51795704095272,39.0780781172385,-1.4782836286492));
#3190=CARTESIAN_POINT('Ctrl Pts',(-2.98993317231506,39.1709572568486,-0.229872675536973));
#3191=CARTESIAN_POINT('Ctrl Pts',(-2.71778214069346,39.2870561813613,1.49490975362124));
#3192=CARTESIAN_POINT('Ctrl Pts',(-1.14573020946899,39.4263748907763,2.87973658536863));
#3193=CARTESIAN_POINT('Ctrl Pts',(0.947602586940016,39.5656936001916,2.95334865533845));
#3194=CARTESIAN_POINT('Ctrl Pts',(2.60824283762723,39.7050123096067,1.67488631760684));
#3195=CARTESIAN_POINT('Ctrl Pts',(3.0788713643065,39.8443310190219,-0.365647622962865));
#3196=CARTESIAN_POINT('Ctrl Pts',(2.14427408428466,39.983649728437,-2.24019928652603));
#3197=CARTESIAN_POINT('Ctrl Pts',(0.22618941065409,40.1229684378522,-3.09277658023805));
#3198=CARTESIAN_POINT('Ctrl Pts',(-1.78464263139358,40.2622871472674,-2.53088327046904));
#3199=CARTESIAN_POINT('Ctrl Pts',(-3.20492208515144,40.4248256415851,-0.530909655832664));
#3200=CARTESIAN_POINT('Ctrl Pts',(-2.4677317650333,40.6105839208053,2.37535449298106));
#3201=CARTESIAN_POINT('Ctrl Pts',(0.784875717161533,40.8195619849281,3.34286121257208));
#3202=CARTESIAN_POINT('Ctrl Pts',(3.26680992147431,41.0285400490508,1.0257443116157));
#3203=CARTESIAN_POINT('Ctrl Pts',(2.79455744455616,41.167858758466,-1.16795323074971));
#3204=CARTESIAN_POINT('Ctrl Pts',(2.13809897332725,41.2375181131736,-1.90481074093659));
#3205=CARTESIAN_POINT('Ctrl Pts',(1.16876926338822,38.1930682433675,2.83801953287037));
#3206=CARTESIAN_POINT('Ctrl Pts',(1.65780547298614,38.2278979207213,2.63662202037977));
#3207=CARTESIAN_POINT('Ctrl Pts',(2.52250221699243,38.2975572754289,1.97788219871903));
#3208=CARTESIAN_POINT('Ctrl Pts',(3.40837895193796,38.4368759848441,-0.0406818524362086));
#3209=CARTESIAN_POINT('Ctrl Pts',(2.46473245565522,38.5878045867105,-2.45788068797981));
#3210=CARTESIAN_POINT('Ctrl Pts',(-0.025798805622902,38.7503430810282,-3.32098264954329));
#3211=CARTESIAN_POINT('Ctrl Pts',(-1.77462373386934,38.8664420055409,-2.68066076187723));
#3212=CARTESIAN_POINT('Ctrl Pts',(-2.69930639689031,38.959321145151,-1.58374793258362));
#3213=CARTESIAN_POINT('Ctrl Pts',(-3.20482244157033,39.0522002847611,-0.245500876764193));
#3214=CARTESIAN_POINT('Ctrl Pts',(-2.91260582560651,39.1682992092738,1.60312312034789));
#3215=CARTESIAN_POINT('Ctrl Pts',(-1.2271937693376,39.3076179186889,3.08698037532755));
#3216=CARTESIAN_POINT('Ctrl Pts',(1.01656290494966,39.4469366281041,3.16525982425255));
#3217=CARTESIAN_POINT('Ctrl Pts',(2.79613742485287,39.5862553375192,1.79444935658455));
#3218=CARTESIAN_POINT('Ctrl Pts',(3.29997387334144,39.7255740469344,-0.392832847094501));
#3219=CARTESIAN_POINT('Ctrl Pts',(2.29767101391846,39.8648927563496,-2.40178999451324));
#3220=CARTESIAN_POINT('Ctrl Pts',(0.241522438656126,40.0042114657647,-3.31505390510182));
#3221=CARTESIAN_POINT('Ctrl Pts',(-1.91361724778823,40.14353017518,-2.712192588783));
#3222=CARTESIAN_POINT('Ctrl Pts',(-3.43534727733555,40.3060686694976,-0.568102951241948));
#3223=CARTESIAN_POINT('Ctrl Pts',(-2.64432841460982,40.4918269487178,2.5467518964338));
#3224=CARTESIAN_POINT('Ctrl Pts',(0.842260083947639,40.7008050128406,3.58280642046009));
#3225=CARTESIAN_POINT('Ctrl Pts',(3.50182853742028,40.9097830769634,1.09847220613186));
#3226=CARTESIAN_POINT('Ctrl Pts',(2.99499441072261,41.0491017863785,-1.2526981937034));
#3227=CARTESIAN_POINT('Ctrl Pts',(2.29115181314759,41.1187611410861,-2.04230258020336));
#3228=CARTESIAN_POINT('Ctrl Pts',(1.24778942716674,38.0743071022903,3.02797730266443));
#3229=CARTESIAN_POINT('Ctrl Pts',(1.76955835690749,38.1091367796441,2.81296322267719));
#3230=CARTESIAN_POINT('Ctrl Pts',(2.6920600695169,38.1787961343517,2.1098613450834));
#3231=CARTESIAN_POINT('Ctrl Pts',(3.63683724509546,38.3181148437668,-0.0442207875361393));
#3232=CARTESIAN_POINT('Ctrl Pts',(2.62936126718253,38.4690434456333,-2.62322293525629));
#3233=CARTESIAN_POINT('Ctrl Pts',(-0.0283192643499611,38.631581939951,-3.54358631953246));
#3234=CARTESIAN_POINT('Ctrl Pts',(-1.89421771902471,38.7476808644636,-2.85992621800926));
#3235=CARTESIAN_POINT('Ctrl Pts',(-2.88062174230621,38.8405600040738,-1.68926560508776));
#3236=CARTESIAN_POINT('Ctrl Pts',(-3.41970428395412,38.9334391436838,-0.261193639847639));
#3237=CARTESIAN_POINT('Ctrl Pts',(-3.10745978038577,39.0495380681965,1.71127649482537));
#3238=CARTESIAN_POINT('Ctrl Pts',(-1.30871880559465,39.1888567776116,3.2941970487793));
#3239=CARTESIAN_POINT('Ctrl Pts',(1.08545855144096,39.3281754870268,3.37718916029678));
#3240=CARTESIAN_POINT('Ctrl Pts',(2.98399366045418,39.467494196442,1.9140675929825));
#3241=CARTESIAN_POINT('Ctrl Pts',(3.52108180976167,39.6068129058572,-0.419951148873305));
#3242=CARTESIAN_POINT('Ctrl Pts',(2.45111478242921,39.7461316152724,-2.56333245395975));
#3243=CARTESIAN_POINT('Ctrl Pts',(0.256922246345397,39.8854503246875,-3.53732393934438));
#3244=CARTESIAN_POINT('Ctrl Pts',(-2.04253562931197,40.0247690341027,-2.89353855656401));
#3245=CARTESIAN_POINT('Ctrl Pts',(-3.66575834588512,40.1873075284204,-0.60536518474111));
#3246=CARTESIAN_POINT('Ctrl Pts',(-2.82097464958591,40.3730658076406,2.71809398551707));
#3247=CARTESIAN_POINT('Ctrl Pts',(0.899571534271933,40.5820438717633,3.8227659138045));
#3248=CARTESIAN_POINT('Ctrl Pts',(3.73682221360154,40.7910219358861,1.17127010858881));
#3249=CARTESIAN_POINT('Ctrl Pts',(3.19545465049539,40.9303406453013,-1.33738179259686));
#3250=CARTESIAN_POINT('Ctrl Pts',(2.44424424324814,41.0000000000089,-2.17974656310048));
#3251=CARTESIAN_POINT('Ctrl Pts',(-2.65697877913428,39.3042390163733,-0.000262956466384612));
#3252=CARTESIAN_POINT('Ctrl Pts',(-2.65583837369008,39.3380936617218,0.445125949943292));
#3253=CARTESIAN_POINT('Ctrl Pts',(-2.54428120652621,39.3719483070704,0.891048052764314));
#3254=CARTESIAN_POINT('Ctrl Pts',(-2.33031277176495,39.4058029524189,1.28070054942642));
#3255=CARTESIAN_POINT('Ctrl Pts',(-2.03680498398922,39.4522425222239,1.81520014710862));
#3256=CARTESIAN_POINT('Ctrl Pts',(-1.55059459352049,39.498682092029,2.24381979804549));
#3257=CARTESIAN_POINT('Ctrl Pts',(-0.983672424830538,39.545121661834,2.4696348943051));
#3258=CARTESIAN_POINT('Ctrl Pts',(-0.416750256140588,39.5915612316391,2.69544999056471));
#3259=CARTESIAN_POINT('Ctrl Pts',(0.230883690770581,39.6380008014442,2.71846053214706));
#3260=CARTESIAN_POINT('Ctrl Pts',(0.811659965328677,39.6844403712492,2.53229204632561));
#3261=CARTESIAN_POINT('Ctrl Pts',(1.3924362398868,39.7308799410543,2.34612356050416));
#3262=CARTESIAN_POINT('Ctrl Pts',(1.90635484209184,39.7773195108593,1.95077604727889));
#3263=CARTESIAN_POINT('Ctrl Pts',(2.23623155747649,39.8237590806644,1.43747525145092));
#3264=CARTESIAN_POINT('Ctrl Pts',(2.56610827286112,39.8701986504694,0.924174455622971));
#3265=CARTESIAN_POINT('Ctrl Pts',(2.71194310142537,39.9166382202745,0.292920377192326));
#3266=CARTESIAN_POINT('Ctrl Pts',(2.64039188630147,39.9630777900795,-0.312736867562487));
#3267=CARTESIAN_POINT('Ctrl Pts',(2.56884067117756,40.0095173598846,-0.918394112317325));
#3268=CARTESIAN_POINT('Ctrl Pts',(2.27990341236549,40.0559569296897,-1.49845452339633));
#3269=CARTESIAN_POINT('Ctrl Pts',(1.83877118058478,40.1023964994947,-1.92047955152667));
#3270=CARTESIAN_POINT('Ctrl Pts',(1.39763894880408,40.1488360692998,-2.342504579657));
#3271=CARTESIAN_POINT('Ctrl Pts',(0.804311744054753,40.1952756391048,-2.60649422483868));
#3272=CARTESIAN_POINT('Ctrl Pts',(0.196557513724667,40.2417152089099,-2.65168227175306));
#3273=CARTESIAN_POINT('Ctrl Pts',(-0.411196716605446,40.2881547787149,-2.69687031866744));
#3274=CARTESIAN_POINT('Ctrl Pts',(-1.03337797251632,40.33459434852,-2.52325676731449));
#3275=CARTESIAN_POINT('Ctrl Pts',(-1.53288419257149,40.3810339183251,-2.17133646549196));
#3276=CARTESIAN_POINT('Ctrl Pts',(-2.03239041262664,40.4274734881301,-1.81941616366945));
#3277=CARTESIAN_POINT('Ctrl Pts',(-2.40922159682609,40.4739130579352,-1.28918911137737));
#3278=CARTESIAN_POINT('Ctrl Pts',(-2.56699639272185,40.5203526277402,-0.701283046442591));
#3279=CARTESIAN_POINT('Ctrl Pts',(-2.62802131889757,40.538314757261,-0.473889792613807));
#3280=CARTESIAN_POINT('Ctrl Pts',(-2.65627483002675,40.5562768867817,-0.23786760594528));
#3281=CARTESIAN_POINT('Ctrl Pts',(-2.65377809663951,40.5742390163024,-0.00154458242693749));
#3282=CARTESIAN_POINT('Ctrl Pts',(0.735787675172459,39.0105030910711,3.19127584158201));
#3283=CARTESIAN_POINT('Ctrl Pts',(1.61759785871688,39.0663545623366,2.98796371906367));
#3284=CARTESIAN_POINT('Ctrl Pts',(3.19879643842634,39.1780575048677,1.81023499375583));
#3285=CARTESIAN_POINT('Ctrl Pts',(3.45845043041135,39.3269947615756,-0.804470009571514));
#3286=CARTESIAN_POINT('Ctrl Pts',(2.23008808426168,39.4573148611952,-2.625900186391));
#3287=CARTESIAN_POINT('Ctrl Pts',(0.522113763716196,39.5690178037262,-3.40671527608308));
#3288=CARTESIAN_POINT('Ctrl Pts',(-1.34535029267787,39.6807207462572,-3.17312124039271));
#3289=CARTESIAN_POINT('Ctrl Pts',(-2.80973351494109,39.7924236887882,-1.99480020220969));
#3290=CARTESIAN_POINT('Ctrl Pts',(-3.43970059566434,39.9041266313192,-0.222993245540986));
#3291=CARTESIAN_POINT('Ctrl Pts',(-3.04379915646173,40.0158295738502,1.61615440180262));
#3292=CARTESIAN_POINT('Ctrl Pts',(-1.74425842633614,40.1275325163813,2.97281446005211));
#3293=CARTESIAN_POINT('Ctrl Pts',(0.0812128092012898,40.2392354589123,3.44595097887065));
#3294=CARTESIAN_POINT('Ctrl Pts',(1.86423297128573,40.3509384014433,2.89214549171836));
#3295=CARTESIAN_POINT('Ctrl Pts',(3.55614363684116,40.4998756581514,1.00549209780096));
#3296=CARTESIAN_POINT('Ctrl Pts',(3.20987518546914,40.6674300719478,-2.10159821968904));
#3297=CARTESIAN_POINT('Ctrl Pts',(0.283082241957067,40.8536016428329,-3.66224685592553));
#3298=CARTESIAN_POINT('Ctrl Pts',(-2.4982641023982,41.0211560566293,-2.69267346388708));
#3299=CARTESIAN_POINT('Ctrl Pts',(-3.67678483236834,41.1887104704259,0.029726046074557));
#3300=CARTESIAN_POINT('Ctrl Pts',(-2.86633969024633,41.3004134129569,1.82445794664737));
#3301=CARTESIAN_POINT('Ctrl Pts',(-2.19464157246765,41.3562648842224,2.4308791348805));
#3302=CARTESIAN_POINT('Ctrl Pts',(0.690232843283116,38.8917419498528,2.99064459281743));
#3303=CARTESIAN_POINT('Ctrl Pts',(1.51660473427086,38.9475934211183,2.79991992810655));
#3304=CARTESIAN_POINT('Ctrl Pts',(2.9982254592243,39.0592963636493,1.69584606003637));
#3305=CARTESIAN_POINT('Ctrl Pts',(3.24102084838647,39.2082336203573,-0.754656577814509));
#3306=CARTESIAN_POINT('Ctrl Pts',(2.08944356400265,39.3385537199769,-2.46140663044944));
#3307=CARTESIAN_POINT('Ctrl Pts',(0.488601548239202,39.4502566625078,-3.19281316645382));
#3308=CARTESIAN_POINT('Ctrl Pts',(-1.26149876027515,39.5619596050389,-2.97350289801039));
#3309=CARTESIAN_POINT('Ctrl Pts',(-2.63364227973964,39.6736625475699,-1.86889812510369));
#3310=CARTESIAN_POINT('Ctrl Pts',(-3.22366376886681,39.7853654901009,-0.20826500498301));
#3311=CARTESIAN_POINT('Ctrl Pts',(-2.85224822068808,39.8970684326319,1.51526379234999));
#3312=CARTESIAN_POINT('Ctrl Pts',(-1.63406137641261,40.008771375163,2.78642594659756));
#3313=CARTESIAN_POINT('Ctrl Pts',(0.076832042171088,40.120474317694,3.22945778950452));
#3314=CARTESIAN_POINT('Ctrl Pts',(1.74772618593324,40.232177260225,2.71006963051442));
#3315=CARTESIAN_POINT('Ctrl Pts',(3.33295558437889,40.381114516933,0.941582539706892));
#3316=CARTESIAN_POINT('Ctrl Pts',(3.00778965455335,40.5486689307295,-1.97024648339104));
#3317=CARTESIAN_POINT('Ctrl Pts',(0.264532654608723,40.7348405016145,-3.43224225412934));
#3318=CARTESIAN_POINT('Ctrl Pts',(-2.34188551080999,40.9023949154111,-2.52299571638373));
#3319=CARTESIAN_POINT('Ctrl Pts',(-3.44580133880736,41.0699493292076,0.0286278591102054));
#3320=CARTESIAN_POINT('Ctrl Pts',(-2.68589343652741,41.1816522717386,1.7104445739851));
#3321=CARTESIAN_POINT('Ctrl Pts',(-2.05626467474646,41.2375037430041,2.27862942267598));
#3322=CARTESIAN_POINT('Ctrl Pts',(0.644737973983701,38.7729849776242,2.78999715423411));
#3323=CARTESIAN_POINT('Ctrl Pts',(1.4156671509726,38.8288364488897,2.61184354938341));
#3324=CARTESIAN_POINT('Ctrl Pts',(2.7976864959998,38.9405393914207,1.58139519795236));
#3325=CARTESIAN_POINT('Ctrl Pts',(3.02357353901984,39.0894766481287,-0.704907995554409));
#3326=CARTESIAN_POINT('Ctrl Pts',(1.94874775511016,39.2197967477483,-2.29695345316113));
#3327=CARTESIAN_POINT('Ctrl Pts',(0.4550244586179,39.3314996902793,-2.97891858410473));
#3328=CARTESIAN_POINT('Ctrl Pts',(-1.17770635056178,39.4432026328103,-2.77385686173199));
#3329=CARTESIAN_POINT('Ctrl Pts',(-2.45758680630699,39.5549055753413,-1.74294142550069));
#3330=CARTESIAN_POINT('Ctrl Pts',(-3.00762876473784,39.6666085178723,-0.193471477763896));
#3331=CARTESIAN_POINT('Ctrl Pts',(-2.66066455429639,39.7783114604033,1.41442965689828));
#3332=CARTESIAN_POINT('Ctrl Pts',(-1.52380678571875,39.8900144029343,2.60006837005849));
#3333=CARTESIAN_POINT('Ctrl Pts',(0.0725164340994147,40.0017173454654,3.01296070733191));
#3334=CARTESIAN_POINT('Ctrl Pts',(1.63127286370071,40.1134202879964,2.52795642068839));
#3335=CARTESIAN_POINT('Ctrl Pts',(3.10978404890662,40.2623575447044,0.877604973387884));
#3336=CARTESIAN_POINT('Ctrl Pts',(2.80566213032844,40.4299119585009,-1.8389540961224));
#3337=CARTESIAN_POINT('Ctrl Pts',(0.245913496011957,40.616083529386,-3.20224037165094));
#3338=CARTESIAN_POINT('Ctrl Pts',(-2.18555612863624,40.7836379431824,-2.35326887165593));
#3339=CARTESIAN_POINT('Ctrl Pts',(-3.21481476194233,40.951192356979,0.0275993521495995));
#3340=CARTESIAN_POINT('Ctrl Pts',(-2.50541047918452,41.06289529951,1.59648409925184));
#3341=CARTESIAN_POINT('Ctrl Pts',(-1.9178401634678,41.1187467707755,2.12641959244191));
#3342=CARTESIAN_POINT('Ctrl Pts',(0.599357964199478,38.6542382064043,2.58931739171881));
#3343=CARTESIAN_POINT('Ctrl Pts',(1.31483558437111,38.7100896776698,2.42370339197207));
#3344=CARTESIAN_POINT('Ctrl Pts',(2.59720778407998,38.8217926202008,1.46682472495818));
#3345=CARTESIAN_POINT('Ctrl Pts',(2.80609086401522,38.9707298769088,-0.655283662963706));
#3346=CARTESIAN_POINT('Ctrl Pts',(1.80795258377472,39.1010499765283,-2.13257680786913));
#3347=CARTESIAN_POINT('Ctrl Pts',(0.421322576103556,39.2127529190593,-2.76503713084053));
#3348=CARTESIAN_POINT('Ctrl Pts',(-1.09402696943932,39.3244558615904,-2.57415640936072));
#3349=CARTESIAN_POINT('Ctrl Pts',(-2.28159893521549,39.4361588041214,-1.61687905699429));
#3350=CARTESIAN_POINT('Ctrl Pts',(-2.79159592581931,39.5478617466524,-0.178552480890846));
#3351=CARTESIAN_POINT('Ctrl Pts',(-2.46901684893658,39.6595646891834,1.31370336097943));
#3352=CARTESIAN_POINT('Ctrl Pts',(-1.41344101970632,39.7712676317144,2.41376905780448));
#3353=CARTESIAN_POINT('Ctrl Pts',(0.0683259417819603,39.8829705742454,2.79645479910759));
#3354=CARTESIAN_POINT('Ctrl Pts',(1.5149214931842,39.9946735167764,2.34577036827124));
#3355=CARTESIAN_POINT('Ctrl Pts',(2.88664286496824,40.1436107734845,0.813496399883437));
#3356=CARTESIAN_POINT('Ctrl Pts',(2.60345270102349,40.311165187281,-1.70777486415404));
#3357=CARTESIAN_POINT('Ctrl Pts',(0.227160624503685,40.497336758166,-2.97224231188975));
#3358=CARTESIAN_POINT('Ctrl Pts',(-2.02932029332621,40.6648911719625,-2.18344666851771));
#3359=CARTESIAN_POINT('Ctrl Pts',(-2.98382082364308,40.8324455857591,0.0267046339102825));
#3360=CARTESIAN_POINT('Ctrl Pts',(-2.32485596212381,40.9441485282901,1.482624531553));
#3361=CARTESIAN_POINT('Ctrl Pts',(-1.77932337196306,40.9999999995556,1.97428540548038));
#3362=CARTESIAN_POINT('Ctrl Pts',(-2.65812885783397,39.5607609815911,-0.000110264143303338));
#3363=CARTESIAN_POINT('Ctrl Pts',(-2.6576065994375,39.5936955509367,0.432876311372163));
#3364=CARTESIAN_POINT('Ctrl Pts',(-2.55001877561815,39.6266301202822,0.86617743982058));
#3365=CARTESIAN_POINT('Ctrl Pts',(-2.34685072422711,39.6595646896278,1.24833833716345));
#3366=CARTESIAN_POINT('Ctrl Pts',(-2.11715823980904,39.6967990038048,1.68039192707151));
#3367=CARTESIAN_POINT('Ctrl Pts',(-1.76529962996422,39.7340333179818,2.04708049278661));
#3368=CARTESIAN_POINT('Ctrl Pts',(-1.34240916472231,39.7712676321588,2.29420573254686));
#3369=CARTESIAN_POINT('Ctrl Pts',(-0.919518699480401,39.8085019463359,2.54133097230711));
#3370=CARTESIAN_POINT('Ctrl Pts',(-0.425596378841406,39.8457362605129,2.6688928861125));
#3371=CARTESIAN_POINT('Ctrl Pts',(0.0624640401150924,39.8829705746898,2.65755977118774));
#3372=CARTESIAN_POINT('Ctrl Pts',(0.550524459071615,39.9202048888668,2.64622665626298));
#3373=CARTESIAN_POINT('Ctrl Pts',(1.03272297634564,39.9574392030439,2.49599851260805));
#3374=CARTESIAN_POINT('Ctrl Pts',(1.44528740650562,39.9946735172209,2.22935019467685));
#3375=CARTESIAN_POINT('Ctrl Pts',(1.85785183666559,40.0319078313979,1.96270187674567));
#3376=CARTESIAN_POINT('Ctrl Pts',(2.20078217971151,40.0691421455749,1.57963338453825));
#3377=CARTESIAN_POINT('Ctrl Pts',(2.4084253592219,40.1063764597519,1.13749355530601));
#3378=CARTESIAN_POINT('Ctrl Pts',(2.8237117182427,40.1808450881059,0.253213896841518));
#3379=CARTESIAN_POINT('Ctrl Pts',(2.69784942312132,40.2553137164599,-0.867351109722217));
#3380=CARTESIAN_POINT('Ctrl Pts',(2.10075596470782,40.3297823448139,-1.63661438638795));
#3381=CARTESIAN_POINT('Ctrl Pts',(1.65293587089771,40.3856338160794,-2.21356184388723));
#3382=CARTESIAN_POINT('Ctrl Pts',(0.940048247735789,40.4414852873449,-2.5929020783189));
#3383=CARTESIAN_POINT('Ctrl Pts',(0.207524283074031,40.4973367586104,-2.65110625493519));
#3384=CARTESIAN_POINT('Ctrl Pts',(-0.524999681587724,40.5531882298759,-2.70931043155148));
#3385=CARTESIAN_POINT('Ctrl Pts',(-1.27715998774933,40.6090397011414,-2.44637855035239));
#3386=CARTESIAN_POINT('Ctrl Pts',(-1.81232356259624,40.6648911724069,-1.9465540592417));
#3387=CARTESIAN_POINT('Ctrl Pts',(-2.34210656200359,40.7201811087163,-1.45175484172466));
#3388=CARTESIAN_POINT('Ctrl Pts',(-2.65923429850807,40.7754710450256,-0.724802540908651));
#3389=CARTESIAN_POINT('Ctrl Pts',(-2.66006874664591,40.8307609813349,0.000236012980391994));
#3390=CARTESIAN_POINT('Ctrl Pts',(-2.26892009530323,35.0000000000001,2.36169993884274));
#3391=CARTESIAN_POINT('Ctrl Pts',(-1.54018706291685,35.0623688290103,3.06180455166791));
#3392=CARTESIAN_POINT('Ctrl Pts',(0.604837905956447,35.1871064870309,3.73234510342574));
#3393=CARTESIAN_POINT('Ctrl Pts',(3.03469600046201,35.3534233643917,1.98134748561934));
#3394=CARTESIAN_POINT('Ctrl Pts',(3.45638067854918,35.4989506320823,-0.464159116331596));
#3395=CARTESIAN_POINT('Ctrl Pts',(2.55745617565629,35.6236882901029,-2.37224311526345));
#3396=CARTESIAN_POINT('Ctrl Pts',(0.397900933732887,35.7692155577935,-3.60465983374652));
#3397=CARTESIAN_POINT('Ctrl Pts',(-2.49237626913092,35.9355324351543,-2.84027188269141));
#3398=CARTESIAN_POINT('Ctrl Pts',(-3.77389331756707,36.1226389221851,0.289133089804665));
#3399=CARTESIAN_POINT('Ctrl Pts',(-2.03204273486367,36.309745409216,3.18690864872361));
#3400=CARTESIAN_POINT('Ctrl Pts',(0.943026866133583,36.4760622865767,3.50042828192715));
#3401=CARTESIAN_POINT('Ctrl Pts',(2.88636915265852,36.6215895542674,1.95712217248094));
#3402=CARTESIAN_POINT('Ctrl Pts',(3.49003746237891,36.7463272122879,-0.0688604464537862));
#3403=CARTESIAN_POINT('Ctrl Pts',(2.80514292810021,36.8710648703085,-2.07797569055597));
#3404=CARTESIAN_POINT('Ctrl Pts',(1.08343362202984,36.995802528329,-3.31850194092301));
#3405=CARTESIAN_POINT('Ctrl Pts',(-1.03181265607429,37.1205401863496,-3.33128133190955));
#3406=CARTESIAN_POINT('Ctrl Pts',(-3.07113986566376,37.2660674540403,-1.92263139798348));
#3407=CARTESIAN_POINT('Ctrl Pts',(-3.64213557913372,37.432384331401,1.01853742803674));
#3408=CARTESIAN_POINT('Ctrl Pts',(-2.13206808183726,37.5571219894216,2.68348821420955));
#3409=CARTESIAN_POINT('Ctrl Pts',(-1.19067743857954,37.6194908184318,3.05088712299527));
#3410=CARTESIAN_POINT('Ctrl Pts',(-2.1258914624204,34.8812388587817,2.21381163347355));
#3411=CARTESIAN_POINT('Ctrl Pts',(-1.44279112219915,34.943607687792,2.86978272609838));
#3412=CARTESIAN_POINT('Ctrl Pts',(0.567622551831155,35.0683453458125,3.49775114298671));
#3413=CARTESIAN_POINT('Ctrl Pts',(2.84446981170104,35.2346622231733,1.85624339671804));
#3414=CARTESIAN_POINT('Ctrl Pts',(3.23915223229082,35.380189490864,-0.435723612359389));
#3415=CARTESIAN_POINT('Ctrl Pts',(2.3962992849363,35.5049271488845,-2.22375286255737));
#3416=CARTESIAN_POINT('Ctrl Pts',(0.372150384648531,35.6504544165752,-3.37829687036547));
#3417=CARTESIAN_POINT('Ctrl Pts',(-2.33639836007437,35.816771293936,-2.66132324989861));
#3418=CARTESIAN_POINT('Ctrl Pts',(-3.53675520300485,36.0038777809667,0.27175927499535));
#3419=CARTESIAN_POINT('Ctrl Pts',(-1.90372219568281,36.1909842679976,2.98713087285213));
#3420=CARTESIAN_POINT('Ctrl Pts',(0.88451801014798,36.3573011453584,3.28033257274552));
#3421=CARTESIAN_POINT('Ctrl Pts',(2.70545569441454,36.502828413049,1.83357103112988));
#3422=CARTESIAN_POINT('Ctrl Pts',(3.27077733861051,36.6275660710696,-0.0652648894758092));
#3423=CARTESIAN_POINT('Ctrl Pts',(2.62848788715429,36.7523037290902,-1.94802327263437));
#3424=CARTESIAN_POINT('Ctrl Pts',(1.01467748283825,36.8770413871107,-3.11025898496174));
#3425=CARTESIAN_POINT('Ctrl Pts',(-0.967690736633601,37.0017790451313,-3.12179294086885));
#3426=CARTESIAN_POINT('Ctrl Pts',(-2.87861177792646,37.1473063128219,-1.80120814647596));
#3427=CARTESIAN_POINT('Ctrl Pts',(-3.41312191247504,37.3136231901826,0.955314377930026));
#3428=CARTESIAN_POINT('Ctrl Pts',(-1.99756929949634,37.4383608482032,2.51535663310982));
#3429=CARTESIAN_POINT('Ctrl Pts',(-1.1152402811238,37.5007296772135,2.85947819957658));
#3430=CARTESIAN_POINT('Ctrl Pts',(-1.98281647478576,34.7624818865531,2.0659646664571));
#3431=CARTESIAN_POINT('Ctrl Pts',(-1.34533619912631,34.8248507155634,2.67778808861056));
#3432=CARTESIAN_POINT('Ctrl Pts',(0.530477541872774,34.9495883735839,3.26314301718126));
#3433=CARTESIAN_POINT('Ctrl Pts',(2.65427888910818,35.1159052509447,1.73108047331243));
#3434=CARTESIAN_POINT('Ctrl Pts',(3.02191257979839,35.2614325186354,-0.407353251886652));
#3435=CARTESIAN_POINT('Ctrl Pts',(2.23509571223417,35.3861701766559,-2.07530939785263));
#3436=CARTESIAN_POINT('Ctrl Pts',(0.346331316438325,35.5316974443466,-3.15193886295023));
#3437=CARTESIAN_POINT('Ctrl Pts',(-2.18047252231076,35.6980143217073,-2.48232546346828));
#3438=CARTESIAN_POINT('Ctrl Pts',(-3.29960898137101,35.8851208087382,0.254456702496425));
#3439=CARTESIAN_POINT('Ctrl Pts',(-1.77533982652498,36.072227295769,2.78738932345246));
#3440=CARTESIAN_POINT('Ctrl Pts',(0.826074706227697,36.2385441731298,3.06021654011723));
#3441=CARTESIAN_POINT('Ctrl Pts',(2.52457727650861,36.3840714408204,1.70996382585529));
#3442=CARTESIAN_POINT('Ctrl Pts',(3.05151351443994,36.508809098841,-0.0617353309661259));
#3443=CARTESIAN_POINT('Ctrl Pts',(2.45179150779221,36.6335467568615,-1.81812253615277));
#3444=CARTESIAN_POINT('Ctrl Pts',(0.945857767456029,36.7582844148821,-2.90203415994084));
#3445=CARTESIAN_POINT('Ctrl Pts',(-0.903631194671052,36.8830220729026,-2.91228265499204));
#3446=CARTESIAN_POINT('Ctrl Pts',(-2.6861179778054,37.0285493405934,-1.67972549993017));
#3447=CARTESIAN_POINT('Ctrl Pts',(-3.18408643051465,37.1948662179541,0.892159705379088));
#3448=CARTESIAN_POINT('Ctrl Pts',(-1.86301810078578,37.3196038759746,2.34726337996468));
#3449=CARTESIAN_POINT('Ctrl Pts',(-1.03974446624931,37.3819727049849,2.66808969501307));
#3450=CARTESIAN_POINT('Ctrl Pts',(-1.839651595422,34.6437351153332,1.91819616613321));
#3451=CARTESIAN_POINT('Ctrl Pts',(-1.24776738275477,34.7061039443435,2.48584443660877));
#3452=CARTESIAN_POINT('Ctrl Pts',(0.493467367357349,34.8308416023641,3.02850626488692));
#3453=CARTESIAN_POINT('Ctrl Pts',(2.46415455201509,34.9971584797248,1.60580378827538));
#3454=CARTESIAN_POINT('Ctrl Pts',(2.80465006529065,35.1426857474155,-0.379107814015738));
#3455=CARTESIAN_POINT('Ctrl Pts',(2.07380148832704,35.267423405436,-1.9269548644826));
#3456=CARTESIAN_POINT('Ctrl Pts',(0.320380500200954,35.4129506731267,-2.92558899086064));
#3457=CARTESIAN_POINT('Ctrl Pts',(-2.0246457127189,35.5792675504874,-2.30323216896944));
#3458=CARTESIAN_POINT('Ctrl Pts',(-3.06244572520077,35.7663740375182,0.237290842590694));
#3459=CARTESIAN_POINT('Ctrl Pts',(-1.64683794200757,35.9534805245491,2.58771611602964));
#3460=CARTESIAN_POINT('Ctrl Pts',(0.767756947113809,36.1197974019098,2.84006012495256));
#3461=CARTESIAN_POINT('Ctrl Pts',(2.34376503366834,36.2653246696005,1.58624820172915));
#3462=CARTESIAN_POINT('Ctrl Pts',(2.83224121945283,36.3900623276211,-0.0583325061473089));
#3463=CARTESIAN_POINT('Ctrl Pts',(2.27501465784932,36.5147999856416,-1.68832024280516));
#3464=CARTESIAN_POINT('Ctrl Pts',(0.876915530200789,36.6395376436622,-2.69384288528907));
#3465=CARTESIAN_POINT('Ctrl Pts',(-0.839691042756797,36.7642753016827,-2.70272903528737));
#3466=CARTESIAN_POINT('Ctrl Pts',(-2.49368882978879,36.9098025693734,-1.5581280129066));
#3467=CARTESIAN_POINT('Ctrl Pts',(-2.95500763369667,37.0761194467341,0.82913592463192));
#3468=CARTESIAN_POINT('Ctrl Pts',(-1.72836544137768,37.2008571047547,2.17924273671768));
#3469=CARTESIAN_POINT('Ctrl Pts',(-0.964135552533812,37.263225933765,2.47673921934611));
#3470=CARTESIAN_POINT('Ctrl Pts',(-2.66084850062076,35.7507609835083,0.00108070107177318));
#3471=CARTESIAN_POINT('Ctrl Pts',(-2.66120592797878,35.7559653349931,0.0693459543486825));
#3472=CARTESIAN_POINT('Ctrl Pts',(-2.65879877266289,35.7611696864779,0.137587224955959));
#3473=CARTESIAN_POINT('Ctrl Pts',(-2.65354442669069,35.7663740379627,0.205607886292854));
#3474=CARTESIAN_POINT('Ctrl Pts',(-2.59057646488842,35.828742866973,1.02076593402896));
#3475=CARTESIAN_POINT('Ctrl Pts',(-2.11870720368847,35.8911116959832,1.80424102540295));
#3476=CARTESIAN_POINT('Ctrl Pts',(-1.43003603124713,35.9534805249935,2.24329307277737));
#3477=CARTESIAN_POINT('Ctrl Pts',(-0.741364858805797,36.0158493540038,2.68234512015179));
#3478=CARTESIAN_POINT('Ctrl Pts',(0.16410822487692,36.0782181830141,2.77697412352663));
#3479=CARTESIAN_POINT('Ctrl Pts',(0.931556680724772,36.1405870120244,2.49241694452632));
#3480=CARTESIAN_POINT('Ctrl Pts',(1.44318898462335,36.1821662313645,2.3027121585261));
#3481=CARTESIAN_POINT('Ctrl Pts',(1.89347700948421,36.2237454507047,1.94448018035914));
#3482=CARTESIAN_POINT('Ctrl Pts',(2.20003371956937,36.2653246700449,1.49126740655029));
#3483=CARTESIAN_POINT('Ctrl Pts',(2.50659042965454,36.3069038893851,1.03805463274144));
#3484=CARTESIAN_POINT('Ctrl Pts',(2.66941582496402,36.3484831087253,0.489861063290697));
#3485=CARTESIAN_POINT('Ctrl Pts',(2.65795742899166,36.3900623280655,-0.0559003442898269));
#3486=CARTESIAN_POINT('Ctrl Pts',(2.64649903301931,36.4316415474057,-0.601661751870351));
#3487=CARTESIAN_POINT('Ctrl Pts',(2.46075684576512,36.4732207667459,-1.14499099758066));
#3488=CARTESIAN_POINT('Ctrl Pts',(2.13486923079601,36.514799986086,-1.58424272756536));
#3489=CARTESIAN_POINT('Ctrl Pts',(1.80898161582689,36.5563792054262,-2.02349445755006));
#3490=CARTESIAN_POINT('Ctrl Pts',(1.34294857314286,36.5979584247664,-2.35866867180916));
#3491=CARTESIAN_POINT('Ctrl Pts',(0.823830956225016,36.6395376441066,-2.52773680393928));
#3492=CARTESIAN_POINT('Ctrl Pts',(0.304713339307176,36.6811168634468,-2.69680493606939));
#3493=CARTESIAN_POINT('Ctrl Pts',(-0.267488851844464,36.722696082787,-2.69976698607052));
#3494=CARTESIAN_POINT('Ctrl Pts',(-0.789875345636408,36.7642753021272,-2.53773357925538));
#3495=CARTESIAN_POINT('Ctrl Pts',(-1.31226183942835,36.8058545214674,-2.37570017244024));
#3496=CARTESIAN_POINT('Ctrl Pts',(-1.7848326358606,36.8474337408075,-2.04867130880882));
#3497=CARTESIAN_POINT('Ctrl Pts',(-2.11450699412446,36.8890129601477,-1.61372759680703));
#3498=CARTESIAN_POINT('Ctrl Pts',(-2.4627093377559,36.9329289677404,-1.15433967029571));
#3499=CARTESIAN_POINT('Ctrl Pts',(-2.65150209148035,36.976844975333,-0.574566225823995));
#3500=CARTESIAN_POINT('Ctrl Pts',(-2.65587452105245,37.0207609829257,0.00239302759684318));
#3501=CARTESIAN_POINT('Ctrl Pts',(2.2336858072498,35.,1.44029241575827));
#3502=CARTESIAN_POINT('Ctrl Pts',(2.14091516642349,35.,1.63643869665988));
#3503=CARTESIAN_POINT('Ctrl Pts',(2.02401273074025,35.,1.82093745120184));
#3504=CARTESIAN_POINT('Ctrl Pts',(1.6565436924911,35.,2.27054241642291));
#3505=CARTESIAN_POINT('Ctrl Pts',(1.37334702245957,35.,2.50265329744444));
#3506=CARTESIAN_POINT('Ctrl Pts',(0.71994646685867,35.,2.85660949611098));
#3507=CARTESIAN_POINT('Ctrl Pts',(0.352883679439309,35.,2.96920679123631));
#3508=CARTESIAN_POINT('Ctrl Pts',(-0.421004593573296,35.,3.05256146877611));
#3509=CARTESIAN_POINT('Ctrl Pts',(-0.821067261341805,35.,3.01591129047146));
#3510=CARTESIAN_POINT('Ctrl Pts',(-1.589833766235,35.,2.79326683833908));
#3511=CARTESIAN_POINT('Ctrl Pts',(-1.95083124443073,35.,2.60800451526684));
#3512=CARTESIAN_POINT('Ctrl Pts',(-2.26892009530306,35.,2.36169993884277));
#3513=CARTESIAN_POINT('Ctrl Pts',(1.22911642308707,37.7724635886331,3.03560501687857));
#3514=CARTESIAN_POINT('Ctrl Pts',(2.04354578606477,37.826692640802,2.70584258075321));
#3515=CARTESIAN_POINT('Ctrl Pts',(3.38584854040221,37.93515074514,1.35900180685743));
#3516=CARTESIAN_POINT('Ctrl Pts',(3.33106165171528,38.0978379016469,-1.50282295357327));
#3517=CARTESIAN_POINT('Ctrl Pts',(1.22366210990384,38.2605250581538,-3.43610194093605));
#3518=CARTESIAN_POINT('Ctrl Pts',(-1.62944088227979,38.4232122146607,-3.26972879496634));
#3519=CARTESIAN_POINT('Ctrl Pts',(-3.48520452583589,38.5858993711676,-1.08916979359867));
#3520=CARTESIAN_POINT('Ctrl Pts',(-3.19834840521832,38.7485865276745,1.75474255999442));
#3521=CARTESIAN_POINT('Ctrl Pts',(-1.70375766836874,38.8570446320125,2.93170142733447));
#3522=CARTESIAN_POINT('Ctrl Pts',(-0.855616895881765,38.9112736841815,3.16125682719426));
#3523=CARTESIAN_POINT('Ctrl Pts',(1.15253789993015,37.6537024474147,2.84464986381793));
#3524=CARTESIAN_POINT('Ctrl Pts',(1.91573537772051,37.7079314995837,2.53543266369891));
#3525=CARTESIAN_POINT('Ctrl Pts',(3.17343257022129,37.8163896039216,1.27292035982923));
#3526=CARTESIAN_POINT('Ctrl Pts',(3.12148835448958,37.9790767604286,-1.40911213874277));
#3527=CARTESIAN_POINT('Ctrl Pts',(1.14607219501539,38.1417639169355,-3.22050054935197));
#3528=CARTESIAN_POINT('Ctrl Pts',(-1.5277629837985,38.3044510734424,-3.06398205049924));
#3529=CARTESIAN_POINT('Ctrl Pts',(-3.26649042711834,38.4671382299493,-1.02001834317477));
#3530=CARTESIAN_POINT('Ctrl Pts',(-2.99705951253362,38.6298253864562,1.64517804170363));
#3531=CARTESIAN_POINT('Ctrl Pts',(-1.59611356754638,38.7382834907941,2.74788735227496));
#3532=CARTESIAN_POINT('Ctrl Pts',(-0.801205293711606,38.7925125429631,2.96284433202679));
#3533=CARTESIAN_POINT('Ctrl Pts',(1.07601604202641,37.5349454751861,2.65366928102068));
#3534=CARTESIAN_POINT('Ctrl Pts',(1.78797488811716,37.5891745273551,2.36498226991466));
#3535=CARTESIAN_POINT('Ctrl Pts',(2.96103984508373,37.697632631693,1.18677378986147));
#3536=CARTESIAN_POINT('Ctrl Pts',(2.91188436981919,37.8603197882,-1.31546318626839));
#3537=CARTESIAN_POINT('Ctrl Pts',(1.06841634282001,38.0230069447069,-3.00491993854189));
#3538=CARTESIAN_POINT('Ctrl Pts',(-1.4261457452747,38.1856941012138,-2.85820219105786));
#3539=CARTESIAN_POINT('Ctrl Pts',(-3.04779446304027,38.3483812577207,-0.950800223521387));
#3540=CARTESIAN_POINT('Ctrl Pts',(-2.79573524629818,38.5110684142276,1.53567289053523));
#3541=CARTESIAN_POINT('Ctrl Pts',(-1.48841267349908,38.6195265185656,2.56410333354517));
#3542=CARTESIAN_POINT('Ctrl Pts',(-0.746733178168189,38.6737555707345,2.76444582807366));
#3543=CARTESIAN_POINT('Ctrl Pts',(0.999602520930619,37.4161987039662,2.46263869141537));
#3544=CARTESIAN_POINT('Ctrl Pts',(1.66030944740553,37.4704277561352,2.19445306126064));
#3545=CARTESIAN_POINT('Ctrl Pts',(2.74869047946668,37.5788858604731,1.10050164185257));
#3546=CARTESIAN_POINT('Ctrl Pts',(2.70222013504022,37.74157301698,-1.22193250071982));
#3547=CARTESIAN_POINT('Ctrl Pts',(0.99063338821595,37.904260173487,-2.78937790108674));
#3548=CARTESIAN_POINT('Ctrl Pts',(-1.32464440206419,38.0669473299938,-2.65235746147612));
#3549=CARTESIAN_POINT('Ctrl Pts',(-2.82913198969278,38.2296344865008,-0.881453621926219));
#3550=CARTESIAN_POINT('Ctrl Pts',(-2.59434178138377,38.3923216430077,1.42628106611791));
#3551=CARTESIAN_POINT('Ctrl Pts',(-1.38060207280794,38.5007797473456,2.38037594001004));
#3552=CARTESIAN_POINT('Ctrl Pts',(-0.692144529531709,38.5550087995146,2.56607296750232));
#3553=CARTESIAN_POINT('Ctrl Pts',(1.11000914097665,37.4253538284972,2.41474354227704));
#3554=CARTESIAN_POINT('Ctrl Pts',(1.72067124964989,37.4765311726373,2.13253188842629));
#3555=CARTESIAN_POINT('Ctrl Pts',(2.21937611620119,37.5277085167774,1.610304714451));
#3556=CARTESIAN_POINT('Ctrl Pts',(2.4688501647608,37.5788858609175,0.986917139898827));
#3557=CARTESIAN_POINT('Ctrl Pts',(2.73320036544927,37.6331149130865,0.326356927760402));
#3558=CARTESIAN_POINT('Ctrl Pts',(2.7177102506371,37.6873439652555,-0.447787786654746));
#3559=CARTESIAN_POINT('Ctrl Pts',(2.4247007353447,37.7415730174245,-1.09610104399959));
#3560=CARTESIAN_POINT('Ctrl Pts',(2.13169122005231,37.7958020695934,-1.74441430134438));
#3561=CARTESIAN_POINT('Ctrl Pts',(1.56116230427971,37.8500311217624,-2.2668961016189));
#3562=CARTESIAN_POINT('Ctrl Pts',(0.890018214568233,37.9042601739314,-2.50530026181502));
#3563=CARTESIAN_POINT('Ctrl Pts',(0.218874124856729,37.9584892261003,-2.74370442201114));
#3564=CARTESIAN_POINT('Ctrl Pts',(-0.55288513879366,38.0127182782693,-2.69803094212885));
#3565=CARTESIAN_POINT('Ctrl Pts',(-1.18951270196338,38.0669473304383,-2.38004356217757));
#3566=CARTESIAN_POINT('Ctrl Pts',(-1.82614026513309,38.1211763826072,-2.06205618222629));
#3567=CARTESIAN_POINT('Ctrl Pts',(-2.32763612782212,38.1754054347762,-1.47175490220603));
#3568=CARTESIAN_POINT('Ctrl Pts',(-2.53925235777103,38.2296344869452,-0.791981814077046));
#3569=CARTESIAN_POINT('Ctrl Pts',(-2.75086858771995,38.2838635391142,-0.112208725948066));
#3570=CARTESIAN_POINT('Ctrl Pts',(-2.67260518492873,38.3380925912831,0.657036170289629));
#3571=CARTESIAN_POINT('Ctrl Pts',(-2.3300385563016,38.3923216434521,1.28018233695106));
#3572=CARTESIAN_POINT('Ctrl Pts',(-2.06352364174779,38.4345115417007,1.76498655745522));
#3573=CARTESIAN_POINT('Ctrl Pts',(-1.63703252144746,38.4767014399493,2.16136083031846));
#3574=CARTESIAN_POINT('Ctrl Pts',(-1.13660608079782,38.5188913381979,2.40090602886215));
#3575=CARTESIAN_POINT('Origin',(0.,0.,0.));
#3576=CARTESIAN_POINT('Origin',(0.,0.,0.));
#3577=CARTESIAN_POINT('Ctrl Pts',(-2.65780411326076,35.4942390182407,-0.000152857238290429));
#3578=CARTESIAN_POINT('Ctrl Pts',(-2.65720349791468,35.5242900570774,0.394896342572405));
#3579=CARTESIAN_POINT('Ctrl Pts',(-2.56862922661624,35.554341095914,0.79019761867642));
#3580=CARTESIAN_POINT('Ctrl Pts',(-2.39820528806784,35.5843921347506,1.14661125811488));
#3581=CARTESIAN_POINT('Ctrl Pts',(-2.17726027115326,35.6233516104006,1.60868142422566));
#3582=CARTESIAN_POINT('Ctrl Pts',(-1.81874512510414,35.6623110860507,2.00539057693759));
#3583=CARTESIAN_POINT('Ctrl Pts',(-1.38142453654583,35.7012705617008,2.27135974925315));
#3584=CARTESIAN_POINT('Ctrl Pts',(-0.944103947987527,35.7402300373508,2.5373289215687));
#3585=CARTESIAN_POINT('Ctrl Pts',(-0.427977916920033,35.7791895130008,2.67255811348788));
#3586=CARTESIAN_POINT('Ctrl Pts',(0.0841122712684453,35.8181489886509,2.65658749804469));
#3587=CARTESIAN_POINT('Ctrl Pts',(0.596202459456924,35.8571084643009,2.64061688260149));
#3588=CARTESIAN_POINT('Ctrl Pts',(1.10425680476638,35.896067939951,2.47344645979593));
#3589=CARTESIAN_POINT('Ctrl Pts',(1.52338346245716,35.935027415601,2.17971344835322));
#3590=CARTESIAN_POINT('Ctrl Pts',(2.08221900604482,35.9869733831344,1.78806943309631));
#3591=CARTESIAN_POINT('Ctrl Pts',(2.48296088275486,36.0389193506678,1.17142526026229));
#3592=CARTESIAN_POINT('Ctrl Pts',(2.61160744553732,36.0908653182012,0.501986732688162));
#3593=CARTESIAN_POINT('Ctrl Pts',(2.7402540083198,36.1428112857345,-0.167451794886048));
#3594=CARTESIAN_POINT('Ctrl Pts',(2.59680525717465,36.1947572532679,-0.889684677200389));
#3595=CARTESIAN_POINT('Ctrl Pts',(2.22240903099296,36.2467032208013,-1.45976555269856));
#3596=CARTESIAN_POINT('Ctrl Pts',(1.84801280481131,36.2986491883347,-2.02984642819669));
#3597=CARTESIAN_POINT('Ctrl Pts',(1.24266910359316,36.3505951558681,-2.44777529687867));
#3598=CARTESIAN_POINT('Ctrl Pts',(0.576875334136321,36.4025411234015,-2.59575941269915));
#3599=CARTESIAN_POINT('Ctrl Pts',(-0.0889184353205146,36.4544870909349,
-2.74374352851963));
#3600=CARTESIAN_POINT('Ctrl Pts',(-0.81516227301604,36.5064330584683,-2.6217828914786));
#3601=CARTESIAN_POINT('Ctrl Pts',(-1.39559783334034,36.5583790260017,-2.26403424368762));
#3602=CARTESIAN_POINT('Ctrl Pts',(-1.97603339366467,36.6103249935351,-1.90628559589663));
#3603=CARTESIAN_POINT('Ctrl Pts',(-2.41066067661777,36.6622709610684,-1.31274893735567));
#3604=CARTESIAN_POINT('Ctrl Pts',(-2.57778531980344,36.7142169286018,-0.651351447952519));
#3605=CARTESIAN_POINT('Ctrl Pts',(-2.63143031649585,36.7308909582566,-0.439050823370319));
#3606=CARTESIAN_POINT('Ctrl Pts',(-2.6575136429883,36.7475649879113,-0.219758275862261));
#3607=CARTESIAN_POINT('Ctrl Pts',(-2.65692997327907,36.764239017566,-0.000308204532886292));
#3608=CARTESIAN_POINT('Origin',(0.,10.,0.));
#3609=CARTESIAN_POINT('',(-6.,20.25,-2.22044604925031E-15));
#3610=CARTESIAN_POINT('',(-6.,10.,-2.22044604925031E-15));
#3611=CARTESIAN_POINT('',(-6.,22.75,-2.22044604925031E-15));
#3612=CARTESIAN_POINT('Ctrl Pts',(-6.,22.75,-1.2490009027033E-15));
#3613=CARTESIAN_POINT('Ctrl Pts',(-6.,22.75,-0.157444828659574));
#3614=CARTESIAN_POINT('Ctrl Pts',(-5.99317707212168,22.7184404149789,-0.325072544867633));
#3615=CARTESIAN_POINT('Ctrl Pts',(-5.96852269967858,22.5907285763871,-0.632914182239687));
#3616=CARTESIAN_POINT('Ctrl Pts',(-5.9510289473619,22.4946014672878,-0.773165485678531));
#3617=CARTESIAN_POINT('Ctrl Pts',(-5.91804743154611,22.2731581567574,-0.994608796208942));
#3618=CARTESIAN_POINT('Ctrl Pts',(-5.90038488226116,22.1329099565839,-1.09073016834181));
#3619=CARTESIAN_POINT('Ctrl Pts',(-5.87534197873269,21.8250791376816,-1.21843784097853));
#3620=CARTESIAN_POINT('Ctrl Pts',(-5.86834729715275,21.65745525064,-1.25));
#3621=CARTESIAN_POINT('Ctrl Pts',(-5.86834729715275,21.3425447493601,-1.25));
#3622=CARTESIAN_POINT('Ctrl Pts',(-5.87534197873269,21.1749208623184,-1.21843784097853));
#3623=CARTESIAN_POINT('Ctrl Pts',(-5.90038488226116,20.8670900434161,-1.09073016834181));
#3624=CARTESIAN_POINT('Ctrl Pts',(-5.91804743154611,20.7268418432426,-0.994608796208942));
#3625=CARTESIAN_POINT('Ctrl Pts',(-5.9510289473619,20.5053985327122,-0.773165485678531));
#3626=CARTESIAN_POINT('Ctrl Pts',(-5.96852269967858,20.4092714236129,-0.632914182239687));
#3627=CARTESIAN_POINT('Ctrl Pts',(-5.99317707212168,20.2815595850211,-0.325072544867633));
#3628=CARTESIAN_POINT('Ctrl Pts',(-6.,20.25,-0.157444828659574));
#3629=CARTESIAN_POINT('Ctrl Pts',(-6.,20.25,-1.00613961606655E-15));
#3630=CARTESIAN_POINT('',(-6.,10.,-2.22044604925031E-15));
#3631=CARTESIAN_POINT('',(6.,22.75,0.));
#3632=CARTESIAN_POINT('',(6.,10.,0.));
#3633=CARTESIAN_POINT('',(6.,20.25,0.));
#3634=CARTESIAN_POINT('Ctrl Pts',(6.,20.25,3.13984949151802E-15));
#3635=CARTESIAN_POINT('Ctrl Pts',(6.,20.25,-0.15744482865957));
#3636=CARTESIAN_POINT('Ctrl Pts',(5.99317707212167,20.2815595850211,-0.325072544867629));
#3637=CARTESIAN_POINT('Ctrl Pts',(5.96852269967858,20.4092714236129,-0.632914182239683));
#3638=CARTESIAN_POINT('Ctrl Pts',(5.9510289473619,20.5053985327122,-0.773165485678527));
#3639=CARTESIAN_POINT('Ctrl Pts',(5.91804743154611,20.7268418432426,-0.994608796208938));
#3640=CARTESIAN_POINT('Ctrl Pts',(5.90038488226116,20.8670900434161,-1.0907301683418));
#3641=CARTESIAN_POINT('Ctrl Pts',(5.87534197873269,21.1749208623184,-1.21843784097852));
#3642=CARTESIAN_POINT('Ctrl Pts',(5.86834729715275,21.3425447493601,-1.25));
#3643=CARTESIAN_POINT('Ctrl Pts',(5.86834729715275,21.65745525064,-1.25));
#3644=CARTESIAN_POINT('Ctrl Pts',(5.87534197873269,21.8250791376816,-1.21843784097852));
#3645=CARTESIAN_POINT('Ctrl Pts',(5.90038488226116,22.1329099565839,-1.09073016834181));
#3646=CARTESIAN_POINT('Ctrl Pts',(5.91804743154611,22.2731581567574,-0.994608796208938));
#3647=CARTESIAN_POINT('Ctrl Pts',(5.9510289473619,22.4946014672878,-0.773165485678528));
#3648=CARTESIAN_POINT('Ctrl Pts',(5.96852269967858,22.5907285763871,-0.632914182239682));
#3649=CARTESIAN_POINT('Ctrl Pts',(5.99317707212168,22.7184404149789,-0.32507254486763));
#3650=CARTESIAN_POINT('Ctrl Pts',(6.,22.75,-0.15744482865957));
#3651=CARTESIAN_POINT('Ctrl Pts',(6.,22.75,2.56739074444567E-15));
#3652=CARTESIAN_POINT('',(6.,10.,0.));
#3653=CARTESIAN_POINT('Origin',(-6.,10.,7.));
#3654=CARTESIAN_POINT('Origin',(-6.,21.5,-1.02619666170191E-15));
#3655=CARTESIAN_POINT('Origin',(6.,10.,0.));
#3656=CARTESIAN_POINT('Origin',(6.,21.5,2.81972871106522E-15));
#3657=CARTESIAN_POINT('Origin',(10.,4.,4.10170383532093E-15));
#3658=CARTESIAN_POINT('',(-7.125,2.75,-1.23367131550541E-15));
#3659=CARTESIAN_POINT('Origin',(-7.125,4.,-1.38675216539883E-15));
#3660=CARTESIAN_POINT('',(10.,2.75,4.25478468521435E-15));
#3661=CARTESIAN_POINT('Origin',(10.,21.5,4.10170383532093E-15));
#3662=CARTESIAN_POINT('',(10.,20.25,4.25478468521435E-15));
#3663=CARTESIAN_POINT('Origin',(10.,21.5,4.10170383532093E-15));
#3664=CARTESIAN_POINT('',(10.,20.25,4.25478468521435E-15));
#3665=CARTESIAN_POINT('Origin',(0.,35.,0.));
#3666=CARTESIAN_POINT('Ctrl Pts',(-2.54329160933185,35.0000000003356,-2.06411648901708));
#3667=CARTESIAN_POINT('Ctrl Pts',(-2.52165565956924,35.0000000002486,-2.08566108088417));
#3668=CARTESIAN_POINT('Ctrl Pts',(-2.49971451185661,35.0000000002837,-2.10689054047263));
#3669=CARTESIAN_POINT('Ctrl Pts',(-2.47747130651674,35.0000000004358,-2.12779608539519));
#3670=CARTESIAN_POINT('Ctrl Pts',(-2.40003719719,35.0000000009654,-2.20057346735673));
#3671=CARTESIAN_POINT('Ctrl Pts',(-2.3189437381304,35.0000000029306,-2.26942903592549));
#3672=CARTESIAN_POINT('Ctrl Pts',(-2.23452827098585,35.0000000059837,-2.33415042874518));
#3673=CARTESIAN_POINT('Ctrl Pts',(-2.15110772079106,35.0000000090008,-2.39810901810116));
#3674=CARTESIAN_POINT('Ctrl Pts',(-2.06444214558887,35.0000000130821,-2.45803051736755));
#3675=CARTESIAN_POINT('Ctrl Pts',(-1.97484735262677,35.0000000176619,-2.51366033453041));
#3676=CARTESIAN_POINT('Ctrl Pts',(-1.95722356709542,35.0000000185627,-2.5246030236579));
#3677=CARTESIAN_POINT('Ctrl Pts',(-1.93948643359529,35.0000000194821,-2.53537949336788));
#3678=CARTESIAN_POINT('Ctrl Pts',(-1.92163835455305,35.0000000204145,-2.54598756545333));
#3679=CARTESIAN_POINT('Ctrl Pts',(-1.83273167611813,35.0000000250591,-2.59882958007482));
#3680=CARTESIAN_POINT('Ctrl Pts',(-1.7415003201589,35.0000000298471,-2.64724342137168));
#3681=CARTESIAN_POINT('Ctrl Pts',(-1.64827491877625,35.0000000348907,-2.69107200490862));
#3682=CARTESIAN_POINT('Ctrl Pts',(-1.55562560068049,35.000000039903,-2.73462975116206));
#3683=CARTESIAN_POINT('Ctrl Pts',(-1.46100594690191,35.0000000451697,-2.77365894613752));
#3684=CARTESIAN_POINT('Ctrl Pts',(-1.36472788565948,35.0000000505669,-2.80795593086496));
#3685=CARTESIAN_POINT('Ctrl Pts',(-1.2707138854987,35.0000000558372,-2.84144639261783));
#3686=CARTESIAN_POINT('Ctrl Pts',(-1.17511781139897,35.0000000612331,-2.87042462877414));
#3687=CARTESIAN_POINT('Ctrl Pts',(-1.07822983506072,35.0000000663934,-2.89465209519911));
#3688=CARTESIAN_POINT('Ctrl Pts',(-1.00438328889338,35.0000000703265,-2.91311790267581));
#3689=CARTESIAN_POINT('Ctrl Pts',(-0.92978616043912,35.000000074118,-2.92882290901138));
#3690=CARTESIAN_POINT('Ctrl Pts',(-0.854570732256961,35.0000000775012,-2.94164141654786));
#3691=CARTESIAN_POINT('Ctrl Pts',(-0.8332839845654,35.0000000784586,-2.9452691873697));
#3692=CARTESIAN_POINT('Ctrl Pts',(-0.811947744617498,35.0000000793828,-2.94866565221739));
#3693=CARTESIAN_POINT('Ctrl Pts',(-0.790565879887483,35.0000000802661,-2.95183033621314));
#3694=CARTESIAN_POINT('Ctrl Pts',(-0.691837687393926,35.0000000843447,-2.96644288449456));
#3695=CARTESIAN_POINT('Ctrl Pts',(-0.592614291900521,35.0000000874715,-2.97604748115047));
#3696=CARTESIAN_POINT('Ctrl Pts',(-0.493265113674666,35.0000000900122,-2.98071526289705));
#3697=CARTESIAN_POINT('Ctrl Pts',(-0.393808623826958,35.0000000925557,-2.98538808652962));
#3698=CARTESIAN_POINT('Ctrl Pts',(-0.294225147036375,35.0000000945144,-2.98511317730707));
#3699=CARTESIAN_POINT('Ctrl Pts',(-0.194893298803064,35.0000000959521,-2.97991024938919));
#3700=CARTESIAN_POINT('Ctrl Pts',(-0.0973658159135865,35.0000000973637,
-2.9748018327785));
#3701=CARTESIAN_POINT('Ctrl Pts',(-8.01203314860083E-5,35.0000000982746,
-2.96494243516007));
#3702=CARTESIAN_POINT('Ctrl Pts',(0.0965851158325301,35.0000000984237,-2.95030577055852));
#3703=CARTESIAN_POINT('Ctrl Pts',(0.184308260887567,35.0000000985591,-2.93702308173557));
#3704=CARTESIAN_POINT('Ctrl Pts',(0.271520615430868,35.0000000980648,-2.91980543474374));
#3705=CARTESIAN_POINT('Ctrl Pts',(0.357916328942878,35.0000000964915,-2.89860379700272));
#3706=CARTESIAN_POINT('Ctrl Pts',(0.450900990518824,35.0000000947981,-2.87578522151945));
#3707=CARTESIAN_POINT('Ctrl Pts',(0.542487822824113,35.0000000917554,-2.84846383332001));
#3708=CARTESIAN_POINT('Ctrl Pts',(0.632337333994248,35.00000008808,-2.81666271589013));
#3709=CARTESIAN_POINT('Ctrl Pts',(0.700584334753366,35.0000000852883,-2.79250753844829));
#3710=CARTESIAN_POINT('Ctrl Pts',(0.767828764417213,35.0000000821253,-2.76576677771168));
#3711=CARTESIAN_POINT('Ctrl Pts',(0.833911478592465,35.0000000787659,-2.73643327283875));
#3712=CARTESIAN_POINT('Ctrl Pts',(0.925173743562568,35.0000000741263,-2.6959227985396));
#3713=CARTESIAN_POINT('Ctrl Pts',(1.01422251876647,35.0000000691336,-2.65046829588997));
#3714=CARTESIAN_POINT('Ctrl Pts',(1.10069704589434,35.0000000638314,-2.60030767981483));
#3715=CARTESIAN_POINT('Ctrl Pts',(1.18257421112072,35.0000000588112,-2.55281382021652));
#3716=CARTESIAN_POINT('Ctrl Pts',(1.26214379487134,35.0000000535128,-2.5010999632751));
#3717=CARTESIAN_POINT('Ctrl Pts',(1.33905475722703,35.0000000475306,-2.44534251507837));
#3718=CARTESIAN_POINT('Ctrl Pts',(1.34337326931966,35.0000000471947,-2.44221176223227));
#3719=CARTESIAN_POINT('Ctrl Pts',(1.3476833865558,35.0000000468565,-2.43906825601882));
#3720=CARTESIAN_POINT('Ctrl Pts',(1.35198504211084,35.0000000465159,-2.43591202604062));
#3721=CARTESIAN_POINT('Ctrl Pts',(1.42742477713519,35.0000000405433,-2.38056004581246));
#3722=CARTESIAN_POINT('Ctrl Pts',(1.49996739704741,35.0000000341814,-2.32151605180663));
#3723=CARTESIAN_POINT('Ctrl Pts',(1.56932080006311,35.0000000283097,-2.25899522672204));
#3724=CARTESIAN_POINT('Ctrl Pts',(1.6374911211894,35.0000000225382,-2.1975409283348));
#3725=CARTESIAN_POINT('Ctrl Pts',(1.70258052374014,35.0000000172421,-2.13272665849185));
#3726=CARTESIAN_POINT('Ctrl Pts',(1.76426743317896,35.0000000128114,-2.06473378956883));
#3727=CARTESIAN_POINT('Ctrl Pts',(1.79791250846497,35.0000000103948,-2.02764933818946));
#3728=CARTESIAN_POINT('Ctrl Pts',(1.83054460105663,35.0000000082278,-1.98961898197066));
#3729=CARTESIAN_POINT('Ctrl Pts',(1.86210519117326,35.0000000063131,-1.95067036889668));
#3730=CARTESIAN_POINT('Ctrl Pts',(1.91883885097078,35.0000000028712,-1.8806559187372));
#3731=CARTESIAN_POINT('Ctrl Pts',(1.97192898289782,35.0000000004871,-1.80790236819187));
#3732=CARTESIAN_POINT('Ctrl Pts',(2.02108304458063,35.0000000000824,-1.73259372787256));
#3733=CARTESIAN_POINT('Ctrl Pts',(2.02709239988301,35.0000000000329,-1.72338683099519));
#3734=CARTESIAN_POINT('Ctrl Pts',(2.0330428645586,35.0000000000124,-1.71414172350955));
#3735=CARTESIAN_POINT('Ctrl Pts',(2.03893385241815,35.0000000000221,-1.70485872542798));
#3736=CARTESIAN_POINT('Origin',(0.,0.,0.));
#3737=CARTESIAN_POINT('Ctrl Pts',(0.920243240248465,37.1531369164931,2.49420301680925));
#3738=CARTESIAN_POINT('Ctrl Pts',(1.03791179628867,37.1626681564628,2.45138611976807));
#3739=CARTESIAN_POINT('Ctrl Pts',(1.15243337834061,37.1721993964326,2.40021845027461));
#3740=CARTESIAN_POINT('Ctrl Pts',(1.2625329610282,37.1817306364023,2.3408329650857));
#3741=CARTESIAN_POINT('Ctrl Pts',(1.86258388471522,37.2336766039357,2.01717764894961));
#3742=CARTESIAN_POINT('Ctrl Pts',(2.33128678329081,37.2856225714691,1.44942599235952));
#3743=CARTESIAN_POINT('Ctrl Pts',(2.53631270040689,37.3375685390025,0.798752239125589));
#3744=CARTESIAN_POINT('Ctrl Pts',(2.74133861752297,37.3895145065359,0.148078485891633));
#3745=CARTESIAN_POINT('Ctrl Pts',(2.68268755317953,37.4414604740693,-0.585517363986181));
#3746=CARTESIAN_POINT('Ctrl Pts',(2.37623024710558,37.4934064416027,-1.19471335245749));
#3747=CARTESIAN_POINT('Ctrl Pts',(2.06977294103164,37.5453524091361,-1.80390934092878));
#3748=CARTESIAN_POINT('Ctrl Pts',(1.51550939322721,37.5972983766694,-2.28870546799359));
#3749=CARTESIAN_POINT('Ctrl Pts',(0.871329449920534,37.6492443442028,-2.51206358495779));
#3750=CARTESIAN_POINT('Ctrl Pts',(0.227149506613838,37.7011903117362,-2.73542170192199));
#3751=CARTESIAN_POINT('Ctrl Pts',(-0.506946832195105,37.7531362792696,-2.69734180878558));
#3752=CARTESIAN_POINT('Ctrl Pts',(-1.12555633223117,37.805082246803,-2.40939738294236));
#3753=CARTESIAN_POINT('Ctrl Pts',(-1.58951345725819,37.844041722453,-2.19343906355995));
#3754=CARTESIAN_POINT('Ctrl Pts',(-1.98850923547547,37.8830011981031,-1.83693194452998));
#3755=CARTESIAN_POINT('Ctrl Pts',(-2.25843023778117,37.9219606737531,-1.40143474664257));
#3756=CARTESIAN_POINT('Ctrl Pts',(-2.52835124008688,37.9609201494032,-0.965937548755145));
#3757=CARTESIAN_POINT('Ctrl Pts',(-2.669197466481,37.9998796250532,-0.451450272010264));
#3758=CARTESIAN_POINT('Ctrl Pts',(-2.65757804301043,38.0388391007033,0.0602655217132123));
#3759=CARTESIAN_POINT('Ctrl Pts',(-2.64595861953986,38.0777985763533,0.571981315436692));
#3760=CARTESIAN_POINT('Ctrl Pts',(-2.48187354620461,38.1167580520033,1.08092562613876));
#3761=CARTESIAN_POINT('Ctrl Pts',(-2.19232906670553,38.1557175276534,1.5032142399163));
#3762=CARTESIAN_POINT('Ctrl Pts',(-1.94630924756744,38.1888205699553,1.86202394185002));
#3763=CARTESIAN_POINT('Ctrl Pts',(-1.60971349062968,38.2219236122572,2.15827220455316));
#3764=CARTESIAN_POINT('Ctrl Pts',(-1.22361252506736,38.255026654559,2.35915346751219));
#3765=CARTESIAN_POINT('Ctrl Pts',(2.03893385242557,35.0000000000212,-1.70485872541912));
#3766=CARTESIAN_POINT('Ctrl Pts',(1.71032621940066,35.0389594756713,-2.09785857763573));
#3767=CARTESIAN_POINT('Ctrl Pts',(0.820418439357781,35.1168784269713,-2.68811485213942));
#3768=CARTESIAN_POINT('Ctrl Pts',(-0.782428990680828,35.2337568539214,-2.69940578064154));
#3769=CARTESIAN_POINT('Ctrl Pts',(-2.13053827523956,35.3506352808716,-1.83306402526245));
#3770=CARTESIAN_POINT('Ctrl Pts',(-2.78590008050393,35.4675137078217,-0.370321267010145));
#3771=CARTESIAN_POINT('Ctrl Pts',(-2.53577541716738,35.5843921347718,1.21197227149681));
#3772=CARTESIAN_POINT('Ctrl Pts',(-1.460229979035,35.701270561722,2.40209972961621));
#3773=CARTESIAN_POINT('Ctrl Pts',(0.0881481141460466,35.8181489886721,2.80778730536824));
#3774=CARTESIAN_POINT('Ctrl Pts',(1.78166259848751,35.9480139075056,2.25055256269085));
#3775=CARTESIAN_POINT('Ctrl Pts',(2.88370275942503,36.0908653182224,0.554781087420715));
#3776=CARTESIAN_POINT('Ctrl Pts',(2.45335650599567,36.2467032208226,-1.61191755949224));
#3777=CARTESIAN_POINT('Ctrl Pts',(0.637325402366395,36.4025411234227,-2.86570416552098));
#3778=CARTESIAN_POINT('Ctrl Pts',(-1.5414061106901,36.5583790260229,-2.49982225440311));
#3779=CARTESIAN_POINT('Ctrl Pts',(-2.84528795953146,36.714216928623,-0.719212278804993));
#3780=CARTESIAN_POINT('Ctrl Pts',(-2.54415396979057,36.8700548312233,1.46856268196077));
#3781=CARTESIAN_POINT('Ctrl Pts',(-0.800315860244889,37.0258927338233,2.82360623254692));
#3782=CARTESIAN_POINT('Ctrl Pts',(1.39388098612015,37.1817306364236,2.58492930550407));
#3783=CARTESIAN_POINT('Ctrl Pts',(2.79998968182764,37.3375685390237,0.881674335757422));
#3784=CARTESIAN_POINT('Ctrl Pts',(2.6240364887999,37.4934064416239,-1.31911321384554));
#3785=CARTESIAN_POINT('Ctrl Pts',(0.96124584540966,37.649244344224,-2.77350159501999));
#3786=CARTESIAN_POINT('Ctrl Pts',(-1.05751908628698,37.7920957549408,-2.66878188889644));
#3787=CARTESIAN_POINT('Ctrl Pts',(-2.38750501365966,37.9219606737743,-1.4804248254797));
#3788=CARTESIAN_POINT('Ctrl Pts',(-2.81004369283627,38.0388391007245,0.0630370047335478));
#3789=CARTESIAN_POINT('Ctrl Pts',(-2.31778847283743,38.1557175276746,1.58986993681866));
#3790=CARTESIAN_POINT('Ctrl Pts',(-1.48778070152314,38.2336364789747,2.26113577051545));
#3791=CARTESIAN_POINT('Ctrl Pts',(-1.01427009434057,38.2725959546247,2.45663401912679));
#3792=CARTESIAN_POINT('Ctrl Pts',(2.19610186618511,34.8812532289423,-1.83763646346842));
#3793=CARTESIAN_POINT('Ctrl Pts',(1.84190177278026,34.9202127045924,-2.26093019659868));
#3794=CARTESIAN_POINT('Ctrl Pts',(0.88287236489492,34.9981316558925,-2.89652950362526));
#3795=CARTESIAN_POINT('Ctrl Pts',(-0.844059040132893,35.1150100828426,-2.90806477315231));
#3796=CARTESIAN_POINT('Ctrl Pts',(-2.296187787786,35.2318885097927,-1.97412799472498));
#3797=CARTESIAN_POINT('Ctrl Pts',(-3.00170767778611,35.3487669367428,-0.397893929111656));
#3798=CARTESIAN_POINT('Ctrl Pts',(-2.73159864610257,35.4656453636929,1.30678989517363));
#3799=CARTESIAN_POINT('Ctrl Pts',(-1.57232541976674,35.5825237906431,2.58862475859681));
#3800=CARTESIAN_POINT('Ctrl Pts',(0.0960751272882113,35.6994022175932,3.02510916729367));
#3801=CARTESIAN_POINT('Ctrl Pts',(1.92046895678941,35.8292671364267,2.42407223896454));
#3802=CARTESIAN_POINT('Ctrl Pts',(3.10715393496592,35.9721185471435,0.59659471290693));
#3803=CARTESIAN_POINT('Ctrl Pts',(2.64264240333066,36.1279564497437,-1.73766335688071));
#3804=CARTESIAN_POINT('Ctrl Pts',(0.685535982815804,36.2837943523438,-3.08779448165461));
#3805=CARTESIAN_POINT('Ctrl Pts',(-1.66171163611702,36.439632254944,-2.69273280640032));
#3806=CARTESIAN_POINT('Ctrl Pts',(-3.06583001226223,36.5954701575442,-0.773769887111914));
#3807=CARTESIAN_POINT('Ctrl Pts',(-2.74052500005163,36.7513080601444,1.58324667800064));
#3808=CARTESIAN_POINT('Ctrl Pts',(-0.861160370520673,36.9071459627445,3.04250171124749));
#3809=CARTESIAN_POINT('Ctrl Pts',(1.50279976911577,37.0629838653447,2.78448622721575));
#3810=CARTESIAN_POINT('Ctrl Pts',(3.01708894726411,37.2188217679448,0.948826244768722));
#3811=CARTESIAN_POINT('Ctrl Pts',(2.82665003755287,37.3746596705451,-1.42225940251869));
#3812=CARTESIAN_POINT('Ctrl Pts',(1.03456797995173,37.5304975731451,-2.98858162358476));
#3813=CARTESIAN_POINT('Ctrl Pts',(-1.14043237324527,37.673348983862,-2.87496213472651));
#3814=CARTESIAN_POINT('Ctrl Pts',(-2.57290827679006,37.8032139026954,-1.59408930883808));
#3815=CARTESIAN_POINT('Ctrl Pts',(-3.0275499922193,37.9200923296456,0.0690209430480579));
#3816=CARTESIAN_POINT('Ctrl Pts',(-2.49658845300818,38.0369707565957,1.71385575270007));
#3817=CARTESIAN_POINT('Ctrl Pts',(-1.60206417349404,38.1148897078958,2.43675928806185));
#3818=CARTESIAN_POINT('Ctrl Pts',(-1.09182142110856,38.1538491835458,2.64720553847618));
#3819=CARTESIAN_POINT('Ctrl Pts',(2.35334204783831,34.7624962568549,-1.97031917867918));
#3820=CARTESIAN_POINT('Ctrl Pts',(1.97356764097518,34.8014557325049,-2.42392058271545));
#3821=CARTESIAN_POINT('Ctrl Pts',(0.94544510988412,34.879374683805,-3.10490181014139));
#3822=CARTESIAN_POINT('Ctrl Pts',(-0.905566495612867,34.9962531107551,-3.11675311979489));
#3823=CARTESIAN_POINT('Ctrl Pts',(-2.46175065315328,35.1131315377052,-2.11528362666318));
#3824=CARTESIAN_POINT('Ctrl Pts',(-3.21749283546729,35.2300099646554,-0.425590644689303));
#3825=CARTESIAN_POINT('Ctrl Pts',(-2.92747085686288,35.3468883916055,1.40149128010819));
#3826=CARTESIAN_POINT('Ctrl Pts',(-1.68452547095531,35.4637668185556,2.77507939487862));
#3827=CARTESIAN_POINT('Ctrl Pts',(0.103876092654964,35.5806452455058,3.242429000856));
#3828=CARTESIAN_POINT('Ctrl Pts',(2.05917073076735,35.7105101643392,2.59766706496266));
#3829=CARTESIAN_POINT('Ctrl Pts',(3.33057420166155,35.853361575056,0.638536399462048));
#3830=CARTESIAN_POINT('Ctrl Pts',(2.83199534278205,36.0091994776562,-1.86329577559446));
#3831=CARTESIAN_POINT('Ctrl Pts',(0.733873687713583,36.1650373802563,-3.30985021177781));
#3832=CARTESIAN_POINT('Ctrl Pts',(-1.78190196096347,36.3208752828565,-2.8857072098738));
#3833=CARTESIAN_POINT('Ctrl Pts',(-3.28633382888238,36.4767131854567,-0.828453557162036));
#3834=CARTESIAN_POINT('Ctrl Pts',(-2.93695646745877,36.6325510880569,1.69781363203604));
#3835=CARTESIAN_POINT('Ctrl Pts',(-0.922129809531438,36.788388990657,3.26135538342421));
#3836=CARTESIAN_POINT('Ctrl Pts',(1.61159981152976,36.9442268932572,2.98410009986451));
#3837=CARTESIAN_POINT('Ctrl Pts',(3.23414278323702,37.1000647958574,1.01610185680735));
#3838=CARTESIAN_POINT('Ctrl Pts',(3.02931723900458,37.2559026984575,-1.52528529863243));
#3839=CARTESIAN_POINT('Ctrl Pts',(1.10801243110834,37.4117406010577,-3.20361272064119));
#3840=CARTESIAN_POINT('Ctrl Pts',(-1.2232238649983,37.5545920117745,-3.08118412586554));
#3841=CARTESIAN_POINT('Ctrl Pts',(-2.75824015160547,37.684456930608,-1.7078577238195));
#3842=CARTESIAN_POINT('Ctrl Pts',(-3.24505324963002,37.8013353575581,0.0748788544657279));
#3843=CARTESIAN_POINT('Ctrl Pts',(-2.67545475796121,37.9182137845082,1.83773426816378));
#3844=CARTESIAN_POINT('Ctrl Pts',(-1.71644601253101,37.9961327358083,2.61231151452959));
#3845=CARTESIAN_POINT('Ctrl Pts',(-1.16948078455446,38.0350922114583,2.83772640586662));
#3846=CARTESIAN_POINT('Ctrl Pts',(2.51062031769412,34.6437351157776,-2.10295283360838));
#3847=CARTESIAN_POINT('Ctrl Pts',(2.10528095278857,34.6826945914277,-2.58686917677569));
#3848=CARTESIAN_POINT('Ctrl Pts',(1.00807993355349,34.7606135427277,-3.31325274098199));
#3849=CARTESIAN_POINT('Ctrl Pts',(-0.967010312419828,34.8774919696779,-3.32545741793589));
#3850=CARTESIAN_POINT('Ctrl Pts',(-2.62726892861004,34.994370396628,-2.25648744510374));
#3851=CARTESIAN_POINT('Ctrl Pts',(-3.43326700110386,35.1112488235782,-0.453352045241758));
#3852=CARTESIAN_POINT('Ctrl Pts',(-3.12336920176453,35.2281272505282,1.4961324362072));
#3853=CARTESIAN_POINT('Ctrl Pts',(-1.79678035709228,35.3450056774784,2.96149798180053));
#3854=CARTESIAN_POINT('Ctrl Pts',(0.111611443908495,35.4618841044285,3.45974846894255));
#3855=CARTESIAN_POINT('Ctrl Pts',(2.19781849158,35.591749023262,2.77130158265924));
#3856=CARTESIAN_POINT('Ctrl Pts',(3.55397909094606,35.7346004339788,0.68054490450463));
#3857=CARTESIAN_POINT('Ctrl Pts',(3.02138379691086,35.890438336579,-1.98886955435887));
#3858=CARTESIAN_POINT('Ctrl Pts',(0.782277747496273,36.0462762391791,-3.53188864425769));
#3859=CARTESIAN_POINT('Ctrl Pts',(-1.90203268914675,36.2021141417793,-3.07871548307854));
#3860=CARTESIAN_POINT('Ctrl Pts',(-3.50681844041759,36.3579520443795,-0.883203051162614));
#3861=CARTESIAN_POINT('Ctrl Pts',(-3.13342003319228,36.5137899469796,1.81232001158759));
#3862=CARTESIAN_POINT('Ctrl Pts',(-0.983164503312094,36.6696278495798,3.48018798758398));
#3863=CARTESIAN_POINT('Ctrl Pts',(1.72033837392127,36.82546575218,3.18374426147169));
#3864=CARTESIAN_POINT('Ctrl Pts',(3.45117365673358,36.9813036547801,1.0834421060101));
#3865=CARTESIAN_POINT('Ctrl Pts',(3.23201303245471,37.1371415573803,-1.62824889225062));
#3866=CARTESIAN_POINT('Ctrl Pts',(1.1815208146225,37.2929794599804,-3.41861902564774));
#3867=CARTESIAN_POINT('Ctrl Pts',(-1.30595220262831,37.4358308706973,-3.28742851285374));
#3868=CARTESIAN_POINT('Ctrl Pts',(-2.94353544525773,37.5656957895307,-1.82168062732775));
#3869=CARTESIAN_POINT('Ctrl Pts',(-3.46255562346054,37.6825742164809,0.080671162609123));
#3870=CARTESIAN_POINT('Ctrl Pts',(-2.85435616949272,37.799452643431,1.96155729954402));
#3871=CARTESIAN_POINT('Ctrl Pts',(-1.83087945293286,37.8773715947311,2.78782719277124));
#3872=CARTESIAN_POINT('Ctrl Pts',(-1.24719666060183,37.9163310703811,3.0282215060632));
#3873=CARTESIAN_POINT('Origin',(-7.125,0.,4.11362066797608));
#3874=CARTESIAN_POINT('',(-7.125,0.,4.11362066797608));
#3875=CARTESIAN_POINT('Origin',(-7.125,0.,-4.11362066797609));
#3876=CARTESIAN_POINT('',(-7.125,0.,-4.11362066797609));
#3877=CARTESIAN_POINT('Origin',(1.82681455206439E-15,0.,-8.22724133595217));
#3878=CARTESIAN_POINT('Origin',(8.18789480661053E-15,0.,-11.5470053837925));
#3879=UNCERTAINTY_MEASURE_WITH_UNIT(LENGTH_MEASURE(0.01),#3883,
'DISTANCE_ACCURACY_VALUE',
'Maximum model space distance between geometric entities at asserted c
onnectivities');
#3880=UNCERTAINTY_MEASURE_WITH_UNIT(LENGTH_MEASURE(0.01),#3883,
'DISTANCE_ACCURACY_VALUE',
'Maximum model space distance between geometric entities at asserted c
onnectivities');
#3881=(
GEOMETRIC_REPRESENTATION_CONTEXT(3)
GLOBAL_UNCERTAINTY_ASSIGNED_CONTEXT((#3879))
GLOBAL_UNIT_ASSIGNED_CONTEXT((#3883,#3885,#3886))
REPRESENTATION_CONTEXT('','3D')
);
#3882=(
GEOMETRIC_REPRESENTATION_CONTEXT(3)
GLOBAL_UNCERTAINTY_ASSIGNED_CONTEXT((#3880))
GLOBAL_UNIT_ASSIGNED_CONTEXT((#3883,#3885,#3886))
REPRESENTATION_CONTEXT('','3D')
);
#3883=(
LENGTH_UNIT()
NAMED_UNIT(*)
SI_UNIT(.MILLI.,.METRE.)
);
#3884=(
LENGTH_UNIT()
NAMED_UNIT(*)
SI_UNIT($,.METRE.)
);
#3885=(
NAMED_UNIT(*)
PLANE_ANGLE_UNIT()
SI_UNIT($,.RADIAN.)
);
#3886=(
NAMED_UNIT(*)
SI_UNIT($,.STERADIAN.)
SOLID_ANGLE_UNIT()
);
#3887=SHAPE_DEFINITION_REPRESENTATION(#3888,#3889);
#3888=PRODUCT_DEFINITION_SHAPE('',$,#3891);
#3889=SHAPE_REPRESENTATION('',(#1574),#3881);
#3890=PRODUCT_DEFINITION_CONTEXT('part definition',#3895,'design');
#3891=PRODUCT_DEFINITION('Custom Mount VC Accel',
'Custom Mount VC Accel v1',#3892,#3890);
#3892=PRODUCT_DEFINITION_FORMATION('',$,#3897);
#3893=PRODUCT_RELATED_PRODUCT_CATEGORY('Custom Mount VC Accel v1',
'Custom Mount VC Accel v1',(#3897));
#3894=APPLICATION_PROTOCOL_DEFINITION('international standard',
'automotive_design',2009,#3895);
#3895=APPLICATION_CONTEXT(
'Core Data for Automotive Mechanical Design Process');
#3896=PRODUCT_CONTEXT('part definition',#3895,'mechanical');
#3897=PRODUCT('Custom Mount VC Accel','Custom Mount VC Accel v1',$,(#3896));
#3898=PRESENTATION_STYLE_ASSIGNMENT((#3899));
#3899=SURFACE_STYLE_USAGE(.BOTH.,#3900);
#3900=SURFACE_SIDE_STYLE('',(#3901));
#3901=SURFACE_STYLE_FILL_AREA(#3902);
#3902=FILL_AREA_STYLE('Steel - Satin',(#3903));
#3903=FILL_AREA_STYLE_COLOUR('Steel - Satin',#3904);
#3904=COLOUR_RGB('Steel - Satin',0.627450980392157,0.627450980392157,0.627450980392157);
ENDSEC;
END-ISO-10303-21;
